time,voltage
1573672945.43707,3.3881554
1573672946.8369129,3.3881617
1573672948.2033,3.3881693
1573672949.5716991,3.3881731
1573672950.9393487,3.1447599
1573672952.304622,3.0361166
1573672953.6715698,2.9673233
1573672955.0401611,2.9157182
1573672956.408345,2.8729628
1573672957.775618,2.8353242
1573672959.144024,2.8009722
1573672960.5114102,2.7689365
1573672961.878539,2.7385834
1573672963.2453856,2.7094932
1573672964.6335914,2.6809336
1573672966.0012596,2.6536122
1573672967.367184,2.6269497
1573672968.7345493,2.6007843
1573672970.1024518,2.5750204
1573672971.4701626,2.5496819
1573672972.8399122,2.5246564
1573672974.2070084,2.4999638
1573672975.5747578,2.4755101
1573672976.9422195,2.4229247
1573672978.3134854,2.3996674
1573672979.684159,2.3766766
1573672981.0500324,2.3248132
1573672982.4156778,2.3312226
1573672983.783594,2.3093261
1573672985.1503413,2.2599653
1573672986.5183616,2.2406576
1573672987.884042,2.2532013
1573672989.249126,2.2415866
1573672990.614151,2.2052026
1573672991.9798403,2.2157028
1573672993.3455389,2.2216604
1573672994.7127512,2.2170445
1573672996.0806253,2.1848784
1573672997.4453607,2.1805554
1573672998.813799,2.2045425
1573673000.1805935,2.2007454
1573673001.5474591,2.197123
1573673002.951068,2.1931584
1573673004.3171875,2.1615519
1573673005.6856487,2.1854856
1573673007.0527964,2.1817318
1573673008.4210835,2.1779755
1573673009.790022,2.146451
1573673011.1572807,2.1423918
1573673012.5248232,2.16602
1573673013.890229,2.1619267
1573673015.2554336,2.1578221
1573673016.6234035,2.1258887
1573673017.988229,2.1489337
1573673019.35683,2.1443873
1573673020.7314537,2.1397097
1573673022.1284273,2.1347732
1573673023.4944038,2.1299466
1573673024.8620758,2.0972924
1573673026.2322383,2.1025608
1573673027.5994225,2.0824817
1573673028.9673395,1.9979351
1573673030.3344333,2.0248399
1573673031.7014227,0.72941365
1573673033.1463418,0.019792868
1573673034.5771117,0.001024522
1573673036.0240374,0.000432694
1573673037.47115,0.000371318
1573673038.9600453,0.000344989
1573673040.4063725,0.000324026
1573673041.8514757,0.000308468
1573673043.2965622,0.00030033
1573673044.7429276,0.000293023
1573673046.1891632,0.000283852
1573673047.6358094,0.000279581
1573673049.0836928,0.000278586
1573673050.5297055,0.000274353
1573673051.9759502,-0.09744396
1573673053.384257,-0.002432864
1573673054.830653,-0.000161868
1573673056.2749164,-6.8834e-05
1573673057.7218,-6.0003e-05
1573673059.1667895,-4.9169e-05
1573673060.6148112,-3.7466e-05
1573673062.0617523,-3.5072e-05
1573673063.50863,-3.6256e-05
1573673064.95585,-3.5425e-05
1573673066.4012501,-4.1106e-05
1573673067.848922,-3.1482e-05
1573673069.2958777,-3.162e-05
1573673070.7423918,-3.3712e-05
1573673072.1890311,-1.9438e-05
1573673073.6363585,-3.6861e-05
1573673075.083331,-4.4357e-05
1573673076.5300748,-3.3447e-05
1573673077.9771242,-3.962e-05
1573673079.4413683,-3.1356e-05
1573673080.8883383,-4.2883e-05
1573673082.3343067,-3.5248e-05
1573673083.7812793,-3.1016e-05
1573673085.2262177,-1.993e-05
1573673086.6729524,-3.1356e-05
1573673088.1204088,-3.1482e-05
1573673089.5676954,-3.2704e-05
1573673091.013781,-3.7907e-05
1573673092.4616294,-2.2424e-05
1573673093.908275,-3.4795e-05
1573673095.3529506,3.0864e-05
1573673096.8004162,-7.433e-06
1573673098.2463205,-3.0474e-05
1573673099.6935723,-1.513e-05
1573673101.1394615,-5.467e-06
1573673102.585683,-3.5488e-05
1573673104.0304537,0.000162574
1573673105.476946,9.4559e-05
1573673106.9423985,5.9474e-05
1573673108.3868463,5.1613e-05
1573673109.8335824,-3.6067e-05
1573673111.2785296,-9.927e-06
1573673112.725734,1.13e-07
1573673114.1718712,-3.6596e-05
1573673115.6194103,-3.5979e-05
1573673117.0666275,-9.1019e-05
1573673118.513611,-3.1343e-05
1573673119.9607275,-2.4742e-05
1573673121.4299972,-2.0648e-05
1573673122.8770852,-2.5258e-05
1573673124.324159,-2.8446e-05
1573673125.7717276,-2.3936e-05
1573673127.2173939,-3.3649e-05
1573673128.663967,-2.5069e-05
1573673130.1106083,-2.6745e-05
1573673131.5750456,-2.7929e-05
1573673133.0228338,-2.9743e-05
1573673134.470117,-4.3122e-05
1573673135.9161155,-3.3195e-05
1573673137.3623786,-2.9995e-05
1573673138.809877,-2.8383e-05
1573673140.2557724,-3.5198e-05
1573673141.703048,-2.706e-05
1573673143.1500678,-3.5173e-05
1573673144.5958676,-3.9242e-05
1573673146.0430236,-2.8761e-05
1573673147.4908776,-3.8284e-05
1573673148.9561574,-4.156e-05
1573673150.4033074,-3.7453e-05
1573673151.8500824,-3.4354e-05
1573673153.2951066,-2.803e-05
1573673154.7413516,-3.9355e-05
1573673156.1878204,-2.8017e-05
1573673157.6333325,-3.1822e-05
1573673159.0793483,-3.8058e-05
1573673160.5251777,9.877e-06
1573673161.9723551,-5.9499e-05
1573673163.4352942,0.001937039
1573673164.8811183,0.00010407
1573673166.342769,-0.005722697
1573673167.789881,9.0981e-05
1573673169.2361698,0.006601051
1573673170.6824067,-0.001496952
1573673172.1284566,-0.000314351
1573673173.575644,-0.00350614
1573673175.0227017,-0.000206326
1573673176.487048,0.000365536
1573673177.9542382,-0.000133737
1573673179.4006128,-4.1787e-05
1573673180.8481264,-2.9693e-05
1573673182.292627,1.4046e-05
1573673183.7399302,4.5289e-05
1573673185.1878183,3.2313e-05
1573673186.6335833,3.7907e-05
1573673188.0805118,1.4336e-05
1573673189.5275984,1.998e-05
1573673190.9741137,3.6155e-05
1573673192.4424074,2.9869e-05
1573673193.8906288,3.7088e-05
1573673195.335324,4.9421e-05
1573673196.7824805,4.6334e-05
1573673198.2267685,1.1968e-05
1573673199.6744874,-3.1129e-05
1573673201.1217701,3.9028e-05
1573673202.5680525,5.3729e-05
1573673204.0148897,4.472e-06
1573673205.4610283,3.259e-05
1573673206.925248,3.137e-06
1573673208.3723426,3.553e-06
1573673209.818779,1.7486e-05
1573673211.2659612,3.4933e-05
1573673212.712842,1.9678e-05
1573673214.159984,3.152e-05
1573673215.6072302,-5.757e-06
1573673217.05413,-5.644e-06
1573673218.5004046,1.7158e-05
1573673219.9648836,-1.5873e-05
1573673221.4116695,4.7317e-05
1573673222.858959,2.1026e-05
1573673224.3042614,8.73e-06
1573673225.7513256,9.902e-06
1573673227.1984844,-5.392e-06
1573673228.6454477,1.8179e-05
1573673230.0922163,9.146e-06
1573673231.5379736,3.9897e-05
1573673232.985392,-4.28e-07
1573673234.4314036,-1.2661e-05
1573673235.8782692,-2.3999e-05
1573673237.3252792,5.379e-06
1573673238.7722065,1.5029e-05
1573673240.231803,-3.49e-06
1573673241.677699,-2.3608e-05
1573673243.1246638,-1.1779e-05
1573673244.5721467,-2.5586e-05
1573673246.0184755,3.4745e-05
1573673247.4654253,3.6307e-05
1573673248.9115062,7.143e-06
1573673250.3556662,-3.0688e-05
1573673251.811015,1.033e-06
1573673253.2562075,-3.0764e-05
1573673254.702944,-9.599e-06
1573673256.1495624,-1.76e-07
1573673257.5957832,3.2578e-05
1573673259.0419154,1.9766e-05
1573673260.4887822,-0.00019762
1573673261.952694,-8.4669e-05
1573673263.3976088,-6.4097e-05
1573673264.8439815,0.000734208
1573673266.2884772,-0.001301309
1573673267.7180047,-0.000345001
1573673269.1644678,0.005372909
1573673270.6329432,-0.001128456
1573673272.080298,0.002244072
1573673273.5274985,-0.009117145
1573673274.976056,0.004811
1573673276.4199443,-0.006565991
1573673277.8668706,0.000388665
1573673279.312588,-0.003640482
1573673280.7598567,0.005271472
1573673282.2042184,0.00336687
1573673283.6509092,0.000513886
1573673285.0979936,0.000811886
1573673286.5718057,3.2143611
1573673287.9401107,3.2164425
1573673289.3058891,3.2184797
1573673290.67338,3.2204828
1573673292.0409758,3.2224467
1573673293.4069262,3.224369
1573673294.7749915,3.2262598
1573673296.1430666,3.2281114
1573673297.5094557,3.2299265
1573673298.8761652,3.2317024
1573673300.2420485,3.2334518
1573673301.6091135,3.2351709
1573673302.9771175,3.2368622
1573673304.344868,3.2385169
1573673305.7125933,3.2401389
1573673307.0811956,3.241728
1573673308.4492137,3.2432792
1573673309.815227,3.2447976
1573673311.1822267,3.2462845
1573673312.552316,3.2477398
1573673313.9400363,3.2491774
1573673315.3052146,3.250562
1573673316.6703925,3.2519155
1573673318.0355728,3.2532383
1573673319.400751,3.2545383
1573673320.7659283,3.2558043
1573673322.1311097,3.2570413
1573673323.4959152,3.2582542
1573673324.8632677,3.2594394
1573673326.231209,3.2606007
1573673327.5985742,3.2617341
1573673328.9845252,3.2628587
1573673330.3518934,3.2639455
1573673331.7197704,3.2650019
1573673333.1105454,3.2660584
1573673334.4776568,3.2670732
1573673335.844563,3.2680728
1573673337.2119823,3.2690397
1573673338.5796258,3.2699939
1573673339.9468813,3.2709241
1573673341.315329,3.2718342
1573673342.6827,3.2727253
1573673344.0500486,3.2736
1573673345.4287174,3.2744583
1573673346.796939,3.2752951
1573673348.1642199,3.2761155
1573673349.55452,3.2769296
1573673350.9210613,3.2777147
1573673352.2861598,3.2784859
1573673353.6521327,3.2792369
1573673355.0198975,3.2799715
1573673356.3850682,3.2806947
1573673357.7529125,3.2814079
1573673359.1206293,3.2821059
1573673360.4884086,3.2827862
1573673361.8555863,3.2834514
1573673363.2234104,3.2841077
1573673364.5906782,3.2847476
1573673365.9580076,3.2853787
1573673367.3269262,3.2859947
1573673368.695166,3.286598
1573673370.0629222,3.2871925
1573673371.428051,3.2877731
1573673372.7971895,3.2883436
1573673374.165159,3.2889002
1573673375.532717,3.2894506
1573673376.901212,3.289987
1573673378.267273,3.2905159
1573673379.6345735,3.2910321
1573673381.0022159,3.291542
1573673382.3696427,3.2920381
1573673383.737222,3.2925328
1573673385.1052537,3.2930074
1573673386.4723034,3.2934807
1573673387.839625,3.2939465
1573673389.2073252,3.2944009
1573673390.5754006,3.2948452
1573673391.9426408,3.2952869
1573673393.3083222,3.2957161
1573673394.6763897,3.296144
1573673396.0444684,3.2965617
1573673397.4124076,3.2969707
1573673398.7794662,3.2973759
1573673400.1468892,3.297776
1573673401.5137346,3.2981647
1573673402.880687,3.2985484
1573673404.2488177,3.2989258
1573673405.6159656,3.2992982
1573673406.9833083,3.2996642
1573673408.3506243,3.3000252
1573673409.717455,3.3003811
1573673411.084702,3.3007295
1573673412.4646266,3.3010766
1573673413.8318028,3.3014149
1573673415.2166708,3.3017557
1573673416.583946,3.3020838
1573673417.9703448,3.302412
1573673419.3375657,3.3027313
1573673420.7046294,3.3030456
1573673422.072408,3.3033549
1573673423.4467869,3.3036641
1573673424.8144922,3.303967
1573673426.1818602,3.3042624
1573673427.5497372,3.3045539
1573673428.9254656,3.3048442
1573673430.2925477,3.3051308
1573673431.6600854,3.3054122
1573673433.027675,3.3056912
1573673434.4036741,3.3059651
1573673435.7715728,3.3062352
1573673437.1376948,3.3064977
1573673438.5046935,3.3067628
1573673439.8723786,3.307019
1573673441.239007,3.3072752
1573673442.6070724,3.3075277
1573673443.9745405,3.3077788
1573673445.3399363,3.3080224
1573673446.7074747,3.3082648
1573673448.075973,3.3085033
1573673449.4438696,3.3087406
1573673450.8112006,3.3089716
1573673452.1782458,3.3092039
1573673453.5455246,3.3094336
1573673454.9123337,3.3096582
1573673456.2784297,3.3098766
1573673457.645577,3.3100975
1573673459.0132306,3.3103133
1573673460.3811123,3.3105279
1573673461.7493644,3.3107387
1573673463.1163313,3.3109495
1573673464.4833996,3.3111552
1573673465.8515582,3.3113609
1573673467.217362,3.3115616
1573673468.5855803,3.3117598
1573673469.9597387,3.3119592
1573673471.3252218,3.3121561
1573673472.6927733,3.3123492
1573673474.0597572,3.3125424
1573673475.434459,3.3127329
1573673476.8024886,3.3129172
1573673478.170801,3.3131028
1573673479.5377145,3.3132858
1573673480.9060473,3.3134638
1573673482.272667,3.3136442
1573673483.6403027,3.3138184
1573673485.0076127,3.3139926
1573673486.3732753,3.3141655
1573673487.7414074,3.3143359
1573673489.1086473,3.3145063
1573673490.475513,3.3146729
1573673491.8432193,3.3148395
1573673493.210714,3.3150024
1573673494.5759845,3.3151665
1573673495.949865,3.3153293
1573673497.318024,3.315487
1573673498.6854837,3.3156461
1573673500.0528336,3.3158001
1573673501.4277918,3.3159553
1573673502.794992,3.3161068
1573673504.162844,3.3162608
1573673505.53095,3.3164097
1573673506.901837,3.3165549
1573673508.2679894,3.3167025
1573673509.6356633,3.316854
1573673511.0030396,3.3169928
1573673512.3702812,3.3171342
1573673513.738028,3.3172768
1573673515.1061676,3.3174157
1573673516.4730058,3.3175533
1573673517.8406587,3.3176883
1573673519.2082582,3.3178259
1573673520.5756414,3.3179647
1573673521.9510834,3.3180973
1573673523.3168178,3.3182311
1573673524.6841104,3.3183573
1573673526.0516226,3.3184936
1573673527.419213,3.3186211
1573673528.7865176,3.318746
1573673530.1541893,3.3188748
1573673531.5192559,3.3190023
1573673532.8865602,3.3191247
1573673534.251979,3.3192496
1573673535.619801,3.3193708
1573673536.9874566,3.319492
1573673538.3532767,3.3196106
1573673539.730938,3.3197293
1573673541.0987659,3.3198504
1573673542.4723485,3.3199691
1573673543.8396606,3.3200827
1573673545.2076871,3.3201963
1573673546.5733047,3.3203137
1573673547.940273,3.3204247
1573673549.3059342,3.3205346
1573673550.6709824,3.3206494
1573673552.0355406,3.320758
1573673553.4127197,3.320869
1573673554.7798593,3.3209776
1573673556.1468062,3.3210849
1573673557.515,3.3211922
1573673558.8827105,3.3212969
1573673560.2489886,3.3214029
1573673561.6166034,3.3215077
1573673562.9842117,3.3216125
1573673564.3513608,3.3217122
1573673565.7183986,3.3218157
1573673567.084647,3.3219179
1573673568.4521227,3.3220176
1573673569.820112,3.3221186
1573673571.18712,3.3222133
1573673572.5547614,3.3223105
1573673573.9307778,3.3224114
1573673575.2968566,3.3225074
1573673576.6639345,3.3226045
1573673578.0311444,3.322703
1573673579.39883,3.3227926
1573673580.7658405,3.3228873
1573673582.1333523,3.3229819
1573673583.5002944,3.3230728
1573673584.8679137,3.3231662
1573673586.2350414,3.3232584
1573673587.600968,3.3233442
1573673588.9680154,3.3234338
1573673590.3424077,3.3235234
1573673591.7102766,3.3236118
1573673593.0751214,3.3237001
1573673594.4423287,3.3237872
1573673595.811579,3.323873
1573673597.1780565,3.3239601
1573673598.5541394,3.3240434
1573673599.9330578,3.3241293
1573673601.2980294,3.3242138
1573673602.6651936,3.3242959
1573673604.0328362,3.3243792
1573673605.4009666,3.3244625
1573673606.7685907,3.3245445
1573673608.1361837,3.3246241
1573673609.5036201,3.3247086
1573673610.8702106,3.3247869
1573673612.2350595,3.3248664
1573673613.602834,3.3249446
1573673614.970798,3.3250229
1573673616.336425,3.3251024
1573673617.7037337,3.3251794
1573673619.0690744,3.3252577
1573673620.4372666,3.3253372
1573673621.8054564,3.3254129
1573673623.1787782,3.3254874
1573673624.5455313,3.3255631
1573673625.9128523,3.3256363
1573673627.27797,3.3257108
1573673628.6454651,3.325784
1573673630.0132825,3.3258572
1573673631.3873618,3.3259292
1573673632.755587,3.3260074
1573673634.1229303,3.3260743
1573673635.4906476,3.3261475
1573673636.8590477,3.3262195
1573673638.2270474,3.3262901
1573673639.5927026,3.326357
1573673640.9606082,3.3264302
1573673642.3265567,3.3264984
1573673643.692263,3.3265678
1573673645.0597394,3.326636
1573673646.424403,3.3267041
1573673647.814722,3.3267723
1573673649.1813605,3.3268405
1573673650.548765,3.3269061
1573673651.9157684,3.3269692
1573673653.2838464,3.3270411
1573673654.6497915,3.3271055
1573673656.018753,3.3271699
1573673657.3843515,3.3272343
1573673658.7509644,3.3272999
1573673660.1189022,3.3273655
1573673661.4859338,3.3274286
1573673662.854267,3.3274892
1573673664.223026,3.3275574
1573673665.5902457,3.3276142
1573673666.9576762,3.3276773
1573673668.323524,3.3277417
1573673669.6903508,3.327801
1573673671.0576975,3.3278616
1573673672.424076,3.3279247
1573673673.8030756,3.327984
1573673675.1697326,3.3280484
1573673676.537731,3.3281064
1573673677.905167,3.3281645
1573673679.2707767,3.3282276
1573673680.6380265,3.3282857
1573673682.0062113,3.3283425
1573673683.3722072,3.3284031
1573673684.7402127,3.3284611
1573673686.1072822,3.3285154
1573673687.4753237,3.3285747
1573673688.8428197,3.3286328
1573673690.2102757,3.3286896
1573673691.5782473,3.3287476
1573673692.9452684,3.3288032
1573673694.311089,3.3288587
1573673695.679179,3.3289168
1573673697.0480843,3.3289673
1573673698.4159336,3.3290228
1573673699.7831588,3.3290758
1573673701.1506462,3.3291326
1573673702.5176787,3.3291894
1573673703.8851857,3.3292399
1573673705.250042,3.3292916
1573673706.619836,3.3293446
1573673707.986536,3.3294027
1573673709.3518922,3.3294557
1573673710.729505,3.3295062
1573673712.0951295,3.329558
1573673713.462621,3.3296084
1573673714.8305812,3.329664
1573673716.198469,3.3297145
1573673717.565804,3.3297675
1573673718.9313545,3.3298154
1573673720.2976067,3.3298647
1573673721.665447,3.3299164
1573673723.0384536,3.3299694
1573673724.4036832,3.3300174
1573673725.769179,3.3300666
1573673727.1437547,3.3301184
1573673728.5118494,3.3301663
1573673729.8907566,3.3302168
1573673731.256775,3.3302623
1573673732.6242187,3.3303115
1573673733.992172,3.330362
1573673735.3578644,3.3304112
1573673736.723344,3.3304541
1573673738.092163,3.3305033
1573673739.4596822,3.3305513
1573673740.8272905,3.330598
1573673742.1949267,3.3306472
1573673743.5609207,3.3306939
1573673744.9299438,3.3307394
1573673746.2953877,3.3307873
1573673747.6621144,3.330834
1573673749.0300093,3.3308807
1573673750.3953424,3.3309249
1573673751.7639015,3.3309716
1573673753.1380897,3.3310171
1573673754.5054677,3.3310625
1573673755.872951,3.3311079
1573673757.2410805,3.3311521
1573673758.6089802,3.3311938
1573673759.9762998,3.3312379
1573673761.3420928,3.3312821
1573673762.7088637,3.3313276
1573673764.0763283,3.3313717
1573673765.4440272,3.3314184
1573673766.8119507,3.331455
1573673768.1801963,3.331503
1573673769.5473237,3.3315459
1573673770.9131038,3.3315863
1573673772.2787707,3.331628
1573673773.663182,3.3316709
1573673775.0307298,3.3317138
1573673776.401852,3.3317567
1573673777.7682245,3.3317971
1573673779.1358893,3.3318425
1573673780.503239,3.3318817
1573673781.8705864,3.3319246
1573673783.2368054,3.331965
1573673784.6034553,3.3320053
1573673785.9704819,3.332047
1573673787.3377964,3.3320861
1573673788.7039342,3.3321278
1573673790.071817,3.3321644
1573673791.4522002,3.332206
1573673792.8212886,3.3322464
1573673794.186592,3.3322868
1573673795.552442,3.3323247
1573673796.9191585,3.3323651
1573673798.2865694,3.3324055
1573673799.6538007,3.3324433
1573673801.021734,3.3324837
1573673802.3891041,3.3325203
1573673803.7567606,3.3325645
1573673805.123924,3.3325998
1573673806.4911125,3.3326352
1573673807.8567827,3.3326743
1573673809.2398818,3.3327147
1573673810.606732,3.3327513
1573673811.9733791,3.3327904
1573673813.3403137,3.3328245
1573673814.707362,3.3328674
1573673816.0729656,3.3329015
1573673817.440885,3.3329432
1573673818.80955,3.3329785
1573673820.1769934,3.3330113
1573673821.5428667,3.3330504
1573673822.9107237,3.3330858
1573673824.2789636,3.3331249
1573673825.6461303,3.333159
1573673827.0136833,3.3331931
1573673828.3792562,3.3332322
1573673829.7461088,3.3332713
1573673831.1125515,3.3333041
1573673832.4790184,3.3333395
1573673833.8470285,3.3333736
1573673835.225188,3.3334102
1573673836.5930452,3.3334442
1573673837.9600804,3.3334783
1573673839.325169,3.3335149
1573673840.7132382,3.3335503
1573673842.0816524,3.3335831
1573673843.4492295,3.3336184
1573673844.816966,3.3336525
1573673846.1837747,3.3336891
1573673847.5512419,3.3337207
1573673848.9182959,3.333756
1573673850.284053,3.3337888
1573673851.6521115,3.3338229
1573673853.0193129,3.3338557
1573673854.384396,3.3338898
1573673855.752536,3.3339251
1573673857.120386,3.3339592
1573673858.4873462,3.3339908
1573673859.8555107,3.3340236
1573673861.22331,3.3340564
1573673862.5913093,3.3340918
1573673863.959237,3.3341208
1573673865.3265138,3.3341561
1573673866.6934433,3.3341877
1573673868.061522,3.3342192
1573673869.4268174,3.3342546
1573673870.7932196,3.3342836
1573673872.1606405,3.3343177
1573673873.5274935,3.3343467
1573673874.894626,3.3343783
1573673876.2604096,3.3344111
1573673877.6287467,3.3344401
1573673878.9966717,3.3344742
1573673880.3622475,3.3345083
1573673881.7298248,3.3345373
1573673883.0969915,3.3345701
1573673884.4650686,3.3345979
1573673885.8328173,3.3346332
1573673887.200503,3.334661
1573673888.5665197,3.3346926
1573673889.9343975,3.3347216
1573673891.2997952,3.3347531
1573673892.6675026,3.3347822
1573673894.0351353,3.3348137
1573673895.4024315,3.3348453
1573673896.7685857,3.334873
1573673898.1354582,3.3349033
1573673899.5036798,3.3349349
1573673900.878894,3.3349639
1573673902.2470217,3.3349955
1573673903.6139953,3.3350207
1573673904.9820113,3.3350523
1573673906.348575,3.3350813
1573673907.716047,3.3351116
1573673909.0826485,3.3351419
1573673910.4502804,3.3351671
1573673911.816679,3.3351987
1573673913.182401,3.3352302
1573673914.550887,3.3352555
1573673915.9193025,3.335287
1573673917.2844741,3.3353136
1573673918.6514153,3.3353426
1573673920.019186,3.3353704
1573673921.3867583,3.3354006
1573673922.7547874,3.3354271
1573673924.122592,3.3354537
1573673925.4893622,3.3354827
1573673926.8572514,3.3355105
1573673928.2234237,3.335542
1573673929.5902798,3.3355698
1573673930.9582791,3.3355963
1573673932.3228378,3.3356215
1573673933.703498,3.3356493
1573673935.0708983,3.3356796
1573673936.4393978,3.3357061
1573673937.8058457,3.3357326
1573673939.1736612,3.3357604
1573673940.540478,3.3357869
1573673941.9080138,3.3358172
1573673943.2732882,3.3358411
1573673944.6431391,3.3358651
1573673946.010647,3.3358916
1573673947.3765876,3.3359232
1573673948.7437696,3.3359497
1573673950.1115367,3.3359724
1573673951.4776893,3.3359977
1573673952.845182,3.3360305
1573673954.2257671,3.3360532
1573673955.6009524,3.336081
1573673956.9687278,3.3361062
1573673958.3378208,3.336134
1573673959.7050116,3.3361592
1573673961.071803,3.3361832
1573673962.4406044,3.3362097
1573673963.8085968,3.3362337
1573673965.1741226,3.336264
1573673966.540242,3.3362918
1573673967.9085999,3.3363157
1573673969.2752953,3.3363385
1573673970.642051,3.3363637
1573673972.0107958,3.3363902
1573673973.3783977,3.3364117
1573673974.7459118,3.3364407
1573673976.1136143,3.3364647
1573673977.4808042,3.3364849
1573673978.8482168,3.3365152
1573673980.21595,3.3365417
1573673981.5816567,3.3365644
1573673982.947999,3.3365896
1573673984.3136597,3.3366136
1573673985.6816394,3.3366389
1573673987.048992,3.3366628
1573673988.414857,3.3366881
1573673989.7819517,3.3367121
1573673991.147353,3.3367348
1573673992.5132842,3.3367613
1573673993.8784866,3.336784
1573673995.2442136,3.3368067
1573673996.6117964,3.3368332
1573673997.9791768,3.3368572
1573673999.344523,3.3368787
1573674000.7116504,3.3369039
1573674002.0793853,3.3369292
1573674003.4460278,3.3369506
1573674004.814187,3.3369759
1573674006.183099,3.3369998
1573674007.551114,3.3370251
1573674008.9189637,3.3370465
1573674010.2839582,3.3370693
1573674011.6503422,3.3370932
1573674013.0183668,3.3371122
1573674014.3854876,3.3371387
1573674015.7536426,3.3371601
1573674017.122454,3.3371854
1573674018.4894795,3.3372094
1573674019.8570306,3.3372308
1573674021.225489,3.3372535
1573674022.5935197,3.337275
1573674023.9606287,3.3372965
1573674025.3400087,3.3373204
1573674026.7056203,3.3373469
1573674028.073634,3.3373646
1573674029.4385173,3.3373936
1573674030.8063815,3.3374088
1573674032.175319,3.3374378
1573674033.5416772,3.3374555
1573674034.9096189,3.3374807
1573674036.2758462,3.3375035
1573674037.641573,3.3375224
1573674039.0077655,3.3375451
1573674040.3728495,3.3375691
1573674041.7397041,3.3375893
1573674043.1067696,3.337612
1573674044.4740038,3.3376335
1573674045.841472,3.3376562
1573674047.2094777,3.3376739
1573674048.5774543,3.3376953
1573674049.9434595,3.3377206
1573674051.3166945,3.3377382
1573674052.6838448,3.3377635
1573674054.0516765,3.3377837
1573674055.419143,3.3378051
1573674056.7869554,3.3378266
1573674058.1528525,3.3378493
1573674059.518774,3.3378682
1573674060.8859153,3.3378922
1573674062.2517064,3.3379099
1573674063.6192255,3.3379288
1573674064.9862113,3.3379528
1573674066.3748016,3.3379717
1573674067.7422779,3.3379957
1573674069.1091242,3.3380172
1573674070.4769604,3.3380374
1573674071.8441427,3.3380576
1573674073.2118733,3.3380778
1573674074.5795999,3.3381005
1573674075.9473283,3.3381194
1573674077.3123834,3.3381421
1573674078.681313,3.3381598
1573674080.049303,3.3381813
1573674081.4152806,3.3382014
1573674082.7821276,3.3382229
1573674084.1495836,3.3382418
1573674085.517718,3.3382608
1573674086.8852224,3.3382822
1573674088.254158,3.3382999
1573674089.620578,3.3383214
1573674090.9885862,3.3383441
1573674092.3754828,3.3383605
1573674093.740302,3.3383819
1573674095.1076293,3.3384034
1573674096.4743843,3.3384198
1573674097.8420093,3.3384413
1573674099.2107282,3.3384615
1573674100.5775387,3.3384804
1573674101.9454207,3.3385018
1573674103.311129,3.3385195
1573674104.6761532,3.338541
1573674106.0436645,3.3385586
1573674107.4095166,3.3385788
1573674108.7775693,3.338599
1573674110.1442363,3.3386192
1573674111.5110443,3.3386382
1573674112.8898222,3.3386533
1573674114.2559972,3.3386773
1573674115.6216006,3.3386962
1573674116.9873824,3.3387152
1573674118.3528361,3.3387328
1573674119.7199311,3.3387518
1573674121.085721,3.3387694
1573674122.452479,3.3387909
1573674123.8197217,3.3388086
1573674125.1867638,3.338825
1573674126.554335,3.3388414
1573674127.9218369,3.3388654
1573674129.2867506,3.3388881
1573674130.6524637,3.3389007
1573674132.0172462,3.3389184
1573674133.3829293,3.3389373
1573674134.7484422,3.33896
1573674136.112576,3.3389764
1573674137.4774518,3.3389979
1573674138.8427434,3.3390118
1573674140.2087326,3.3390307
1573674141.573962,3.3390496
1573674142.9399,3.3390686
1573674144.3049033,3.3390837
1573674145.6716173,3.3391052
1573674147.0373256,3.3391254
1573674148.4023073,3.3391418
1573674149.7676158,3.3391557
1573674151.1336727,3.3391759
1573674152.4989755,3.3391935
1573674153.8641515,3.3392112
1573674155.2353249,3.3392314
1573674156.6005008,3.3392465
1573674157.965678,3.339268
1573674159.3308544,3.3392844
1573674160.6970303,3.3393046
1573674162.0622077,3.339316
1573674163.4278562,3.3393374
1573674164.7930357,3.3393551
1573674166.15821,3.3393677
1573674167.523385,3.3393892
1573674168.8895633,3.3394031
1573674170.2547395,3.339422
1573674171.6199596,3.3394409
1573674172.98522,3.3394599
1573674174.3503935,3.3394725
1573674175.7155693,3.3394965
1573674177.0807457,3.3395116
1573674178.4459233,3.3395293
1573674179.8121428,3.3395444
1573674181.177318,3.3395608
1573674182.542495,3.3395772
1573674183.9076724,3.3395949
1573674185.2728512,3.3396138
1573674186.638024,3.3396277
1573674188.0032022,3.3396441
1573674189.3683784,3.3396643
1573674190.7335563,3.3396807
1573674192.0987318,3.3396971
1573674193.465906,3.3397148
1573674194.831084,3.3397287
1573674196.1962616,3.3397451
1573674197.5614367,3.3397653
1573674198.9375207,3.3397792
1573674200.3036041,3.3397981
1573674201.6684668,3.3398107
1573674203.034916,3.3398259
1573674204.4007041,3.3398461
1573674205.7676404,3.339865
1573674207.1357422,3.3398789
1573674208.5033226,3.339894
1573674209.8708818,3.3399105
1573674211.237925,3.3399281
1573674212.6053789,3.3399445
1573674213.9704444,3.3399609
1573674215.3378627,3.3399786
1573674216.7050877,3.3399938
1573674218.0725396,3.3400076
1573674219.4402945,3.3400253
1573674220.8082705,3.3400392
1573674222.1754465,3.3400569
1573674223.543898,3.340072
1573674224.9109952,3.3400872
1573674226.2780316,3.3401036
1573674227.6449933,3.34012
1573674229.0130134,3.3401364
1573674230.3800206,3.3401515
1573674231.7477198,3.3401717
1573674233.1232133,3.3401869
1573674234.4908583,3.3402033
1573674235.858469,3.3402134
1573674237.2260673,3.3402348
1573674238.5936842,3.3402487
1573674239.962116,3.3402588
1573674241.3276882,3.340279
1573674242.6952035,3.3402942
1573674244.0631208,3.3403106
1573674245.43003,3.3403245
1573674246.7969303,3.3403421
1573674248.165088,3.3403598
1573674249.5321112,3.3403737
1573674250.898413,3.340385
1573674252.2684312,3.3404027
1573674253.6352668,3.3404179
1573674255.0008986,3.3404343
1573674256.3694086,3.3404481
1573674257.7376564,3.3404608
1573674259.1023533,3.3404797
1573674260.4692214,3.3404923
1573674261.836462,3.3405075
1573674263.204323,3.3405226
1573674264.5719464,3.3405403
1573674265.939543,3.3405554
1573674267.3052735,3.3405706
1573674268.6724982,3.3405857
1573674270.0401242,3.3405971
1573674271.4135087,3.3406148
1573674272.78147,3.3406286
1573674274.1488183,3.3406463
1573674275.514542,3.3406615
1573674276.8803442,3.3406741
1573674278.246613,3.3406905
1573674279.6134982,3.3407031
1573674280.9812498,3.3407183
1573674282.34659,3.3407321
1573674283.7141366,3.340746
1573674285.0817103,3.3407624
1573674286.447374,3.3407788
1573674287.8151195,3.3407902
1573674289.1827648,3.3408053
1573674290.549669,3.3408167
1573674291.9164212,3.3408356
1573674293.2817936,3.340847
1573674294.6485076,3.3408609
1573674296.015822,3.3408786
1573674297.3807023,3.340895
1573674298.7459328,3.3409051
1573674300.1133626,3.3409215
1573674301.477851,3.3409328
1573674302.8458405,3.340948
1573674304.2136028,3.3409631
1573674305.5796456,3.3409783
1573674306.946652,3.3409896
1573674308.3149476,3.341006
1573674309.682904,3.3410212
1573674311.0490031,3.3410325
1573674312.4165173,3.3410464
1573674313.784031,3.3410628
1573674315.151939,3.3410792
1573674316.517062,3.3410893
1573674317.895088,3.3411057
1573674319.2600608,3.3411184
1573674320.6249733,3.3411335
1573674321.992142,3.3411461
1573674323.3592033,3.3411613
1573674324.726155,3.3411739
1573674326.0934854,3.3411878
1573674327.4609978,3.3412004
1573674328.8284261,3.3412181
1573674330.1958146,3.3412282
1573674331.5757878,3.3412433
1573674332.9436224,3.3412585
1573674334.3097582,3.3412724
1573674335.677262,3.3412837
1573674337.0452766,3.3412963
1573674338.421643,3.3413115
1573674339.7896416,3.3413254
1573674341.1574056,3.341338
1573674342.5393586,3.3413506
1573674343.9072566,3.3413658
1573674345.272752,3.3413784
1573674346.6395478,3.3413923
1573674348.0074334,3.3414062
1573674349.3724494,3.3414175
1573674350.7395074,3.3414327
1573674352.106681,3.3414453
1573674353.4745133,3.3414617
1573674354.8391545,3.341473
1573674356.2060895,3.3414869
1573674357.5743785,3.341497
1573674358.9411776,3.3415134
1573674360.3065486,3.3415261
1573674361.671967,3.3415387
1573674363.0377305,3.3415526
1573674364.4027295,3.3415614
1573674365.770699,3.3415765
1573674367.1387281,3.3415942
1573674368.506235,3.3416043
1573674369.8729289,3.3416182
1573674371.2386248,3.3416321
1573674372.6065218,3.3416434
1573674373.974081,3.3416586
1573674375.3392942,3.3416699
1573674376.707027,3.3416813
1573674378.0748158,3.3416939
1573674379.4414034,3.3417078
1573674380.8078492,3.3417204
1573674382.175822,3.3417331
1573674383.5408669,3.3417444
1573674384.9084647,3.3417583
1573674386.2738886,3.3417709
1573674387.641105,3.3417848
1573674389.0086262,3.3417974
1573674390.3751001,3.3418088
1573674391.7425845,3.3418214
1573674393.1095374,3.3418378
1573674394.4763331,3.3418479
1573674395.8430634,3.3418568
1573674397.209894,3.3418732
1573674398.577212,3.3418858
1573674399.9456,3.3418959
1573674401.3111606,3.341911
1573674402.6870093,3.3419211
1573674404.0551226,3.3419363
1573674405.4206145,3.3419489
1573674406.7859917,3.3419603
1573674408.1531413,3.3419704
1573674409.5186703,3.341988
1573674410.8853092,3.3419956
1573674412.2531989,3.3305639
1573674413.620377,3.1873755
1573674414.9872797,3.140418
1573674416.3532922,3.1031038
1573674417.721028,3.0717737
1573674419.088348,3.0445255
1573674420.4559305,3.0201044
1573674421.8232806,2.9976929
1573674423.190766,2.9768365
1573674424.5574107,2.9571753
1573674425.9240818,2.9384545
1573674427.289993,2.9204969
1573674428.6584337,2.9031304
1573674430.0253253,2.8863168
1573674431.3909173,2.8699398
1573674432.7582083,2.8538317
1573674434.1256495,2.8380594
1573674435.4915516,2.8225923
1573674436.8597934,2.8073185
1573674438.2275712,2.7922568
1573674439.5950334,2.7774046
1573674440.9613247,2.7627089
1573674442.3269782,2.7481684
1573674443.69361,2.7337428
1573674445.0620747,2.7194141
1573674446.4294865,2.7051879
1573674447.7977006,2.6910892
1573674449.1647274,2.6770536
1573674450.5408347,2.6630294
1573674451.9087594,2.6491415
1573674453.273724,2.6353799
1573674454.6416142,2.621627
1573674456.0067618,2.6079788
1573674457.37143,2.5944367
1573674458.7370877,2.5809287
1573674460.1040494,2.5674902
1573674461.472704,2.5540554
1573674462.8378546,2.5408087
1573674464.2049382,2.5275923
1573674465.5723908,2.5144399
1573674466.9398756,2.5013863
1573674468.304758,2.4593566
1573674469.67251,2.4179731
1573674471.0474455,2.4346984
1573674472.4150133,2.4224741
1573674473.7819514,2.3812344
1573674475.1500287,2.3982929
1573674476.523506,2.3866063
1573674477.8887444,2.374955
1573674479.2542212,2.3639297
1573674480.6198497,2.3247564
1573674481.985037,2.3436577
1573674483.358807,2.3350357
1573674484.7259896,2.2992435
1573674486.0930321,2.3219909
1573674487.4606774,2.3174899
1573674488.828428,2.3138763
1573674490.196181,2.3111424
1573674491.5626864,2.2805416
1573674492.930169,2.3069241
1573674494.295737,2.30522
1573674495.663553,2.275195
1573674497.0283825,2.3019572
1573674498.3935502,2.300517
1573674499.7585335,2.2988345
1573674501.1265798,2.297354
1573674502.4945815,2.267618
1573674503.8625593,2.2942326
1573674505.2303035,2.2927634
1573674506.5976017,2.2629719
1573674507.9653265,2.2896142
1573674509.3319292,2.288198
1573674510.699049,2.2583308
1573674512.0664608,2.2850249
1573674513.4340541,2.2836781
1573674514.8013902,2.2819565
1573674516.1692421,2.2805037
1573674517.537679,2.2508826
1573674518.9048429,2.2774252
1573674520.2722225,2.2759876
1573674521.6395848,2.246345
1573674523.0073514,2.2730088
1573674524.37482,2.2716116
1573674525.7424295,2.2419728
1573674527.1108785,2.2686429
1573674528.4778957,2.2673365
1573674529.8466268,2.237588
1573674531.2139084,2.2643136
1573674532.581781,2.2629807
1573674533.948874,2.2613462
1573674535.3146734,2.259954
1573674536.6821814,2.2304957
1573674538.0580022,2.2569853
1573674539.4253569,2.2555565
1573674540.792871,2.2261083
1573674542.1601884,2.2525626
1573674543.535616,2.2511111
1573674544.9038281,2.2215998
1573674546.269798,2.2480705
1573674547.6369324,2.246547
1573674549.0038493,2.2170319
1573674550.369148,2.2434534
1573674551.736924,2.241916
1573674553.1050198,2.2123151
1573674554.4723969,2.2386204
1573674555.8388102,2.2371273
1573674557.2059617,2.2353665
1573674558.572722,2.2336777
1573674559.9400673,2.2042043
1573674561.305987,2.2303026
1573674562.6808887,2.2286125
1573674564.0488193,2.1990541
1573674565.4139643,2.225096
1573674566.7810707,2.2233681
1573674568.1491525,2.1937466
1573674569.5245607,2.2197078
1573674570.892118,2.2179142
1573674572.2582896,2.1552195
1573674573.6261108,2.1853555
1573674574.9934156,2.1351759
1573674576.3582952,2.1583396
1573674577.7263033,2.0455828
1573674579.0935762,2.1232608
1573674580.4611456,2.1022327
1573674581.941014,2.0784818
1573674583.4008684,2.0563417
1573674584.7678802,2.0315308
1573674586.2476478,2.0017166
1573674587.7433903,1.9739872
1573674589.270802,1.9460978
1573674590.7995546,1.9161145
1573674592.3439813,1.8826751
1573674593.9062908,1.8499642
1573674595.466773,1.8223865
1573674596.8344412,1.7866653
1573674598.3783205,1.7513879
1573674599.874514,1.7237736
1573674601.3350968,1.6875866
1573674602.8455675,1.653106
1573674604.3558285,1.6184285
1573674605.9183743,1.5828234
1573674607.447148,1.5529937
1573674608.876829,1.513241
1573674610.3052611,1.4821709
1573674611.7349417,1.3423436
1573674613.102767,1.415185
1573674614.616426,1.3807385
1573674616.0946772,1.3416784
1573674617.6238418,1.3053766
1573674619.0862117,1.2663344
1573674620.6490693,1.2313765
1573674622.1456318,1.2007885
1573674623.6905713,1.3411496
1573674625.057747,1.1730872
1573674626.4876385,1.0878855
1573674627.9501848,1.0567965
1573674629.3802104,1.340338
1573674630.7481189,0.9765965
1573674632.495887,0.9421487
1573674633.924751,0.9091878
1573674635.403556,1.2121331
1573674636.7710202,0.034371257
1573674638.2019863,0.001430988
1573674639.648974,0.000439623
1573674641.095918,0.000368446
1573674642.5575953,0.000340416
1573674644.0122442,0.000319579
1573674645.458871,0.000302572
1573674646.9145749,0.000290315
1573674648.3611796,0.000283701
1573674649.8070157,0.000279191
1573674651.2520514,0.000273295
1573674652.698783,0.00027201
1573674654.1455667,0.000208039
1573674655.5918744,0.000193879
1573674657.0461342,0.000283537
1573674658.4924734,0.000323094
1573674659.939174,0.000192758
1573674661.383907,0.000235703
1573674662.8297672,0.000283852
1573674664.2764814,0.000245845
1573674665.723135,0.000260672
1573674667.169825,0.000259677
1573674668.6164281,0.000257712
1573674670.0631595,0.000254739
1573674671.5098143,0.000252799
1573674672.9570258,0.00025305
1573674674.4014149,0.000254109
1573674675.847901,0.000253743
1573674677.2923858,0.000251236
1573674678.7393675,0.000248389
1573674680.18609,0.000249221
1573674681.6321886,0.000248515
1573674683.0785837,0.000244194
1573674684.5333326,0.000243564
1573674685.98043,0.000270977
1573674687.4255095,0.000206149
1573674688.8806992,0.000226532
1573674690.327978,0.000264754
1573674691.774425,0.000245996
1573674693.2215374,0.000245593
1573674694.6675546,0.000241171
1573674696.1146057,0.000245278
1573674697.5593388,0.000239621
1573674699.0057786,0.000238903
1573674700.4527094,0.000236497
1573674701.8998544,0.000235477
1573674703.3444698,0.000238588
1573674704.7917001,0.000236031
1573674706.2388237,0.000231685
1573674707.6855276,0.000234154
1573674709.1317217,0.000232365
1573674710.5759754,0.000233574
1573674712.0229585,0.000234355
1573674713.4700003,0.000233373
1573674714.9177165,0.000233549
1573674716.3636982,0.00024267
1573674717.809987,0.00022788
1573674719.2549195,0.000207006
1573674720.7019517,0.000270612
1573674722.1490269,0.000183158
1573674723.5958166,0.000233915
1573674725.0501873,0.000229178
1573674726.4937558,0.000232138
1573674727.9402776,0.000235804
1573674729.3868582,0.000234784
1573674730.832145,0.000239369
1573674732.2785306,0.000239092
1573674733.7243803,0.000236409
1573674735.170793,0.000235187
1573674736.6172175,0.000234645
1573674738.064681,0.000234595
1573674739.5113933,0.000236056
1573674740.9583578,0.000233562
1573674742.4051058,0.000232793
1573674743.8516238,0.000230639
1573674745.2967913,0.000231974
1573674746.7441082,0.000232806
1573674748.1913366,0.00023307
1573674749.6371992,0.000234292
1573674751.0841992,0.000231332
1573674752.5392082,0.000235313
1573674753.9862945,0.000235225
1573674755.4329035,0.000233335
1573674756.8792818,0.000232378
1573674758.3248098,0.0002336
1573674759.771287,0.000233537
1573674761.2185664,0.000230715
1573674762.6656868,0.000233008
1573674764.1129515,0.000269579
1573674765.5603414,0.000194471
1573674767.0073082,0.000234935
1573674768.4514356,0.000239672
1573674769.8955667,0.000331988
1573674771.340845,-0.040034442
1573674772.7687745,-0.00114065
1573674774.2156467,-0.000193539
1573674775.6632192,-0.000112334
1573674777.1115322,-0.00010029
1573674778.5663702,-9.5277e-05
1573674780.012961,-8.1344e-05
1573674781.4599447,-8.2049e-05
1573674782.90715,-5.3616e-05
1573674784.3521867,-8.5009e-05
1573674785.7986887,-7.6052e-05
1573674787.2455895,-7.5926e-05
1573674788.6917706,-7.5536e-05
1573674790.1383011,-7.8673e-05
1573674791.586146,-7.1114e-05
1573674793.040892,-5.8945e-05
1573674794.4877386,-6.7851e-05
1573674795.9342673,-6.6478e-05
1573674797.37872,-5.7773e-05
1573674798.8258162,6.538e-06
1573674800.2711565,-6.0797e-05
1573674801.718415,-6.9149e-05
1573674803.1651957,-7.0132e-05
1573674804.612582,-6.9061e-05
1573674806.0591145,-6.9023e-05
1573674807.5059025,-5.9373e-05
1573674808.953141,-5.6627e-05
1573674810.4006307,-8.1041e-05
1573674811.8477867,-6.1792e-05
1573674813.293902,-6.3744e-05
1573674814.740968,-6.4715e-05
1573674816.188156,-6.479e-05
1573674817.6348267,-7.0182e-05
1573674819.0813665,-6.3455e-05
1573674820.5360096,-6.2749e-05
1573674821.983704,-5.6186e-05
1573674823.429706,-6.1641e-05
1573674824.8761818,-5.5165e-05
1573674826.3235803,-4.8804e-05
1573674827.7697291,-4.5012e-05
1573674829.2162542,-6.2963e-05
1573674830.6711605,-5.0517e-05
1573674832.1173341,-4.7556e-05
1573674833.5752506,-6.5029e-05
1573674835.0211794,-6.3971e-05
1573674836.4681056,-5.4699e-05
1573674837.9150057,-6.3077e-05
1573674839.3602164,-5.2318e-05
1573674840.806777,-4.9736e-05
1573674842.2522216,-4.2114e-05
1573674843.6993701,-4.7594e-05
1573674845.1461008,-6.3845e-05
1573674846.5916898,-7.6959e-05
1573674848.037979,-4.9345e-05
1573674849.4847279,-5.7584e-05
1573674850.931715,-6.4299e-05
1573674852.376655,-6.4765e-05
1573674853.8230283,-5.5795e-05
1573674855.272007,-5.7572e-05
1573674856.718423,-5.9864e-05
1573674858.165424,-5.2205e-05
1573674859.611434,-5.7962e-05
1573674861.0587463,-5.5468e-05
1573674862.5047722,-6.3606e-05
1573674863.950611,-5.4044e-05
1573674865.3945522,-6.1212e-05
1573674866.841675,-6.5483e-05
1573674868.2876642,-5.4913e-05
1573674869.7347302,-5.771e-05
1573674871.1818838,-5.9877e-05
1573674872.6263318,-5.5632e-05
1573674874.0734208,-5.5606e-05
1573674875.5195796,-6.0721e-05
1573674876.966639,-6.9136e-05
1573674878.4127188,-4.1837e-05
1573674879.8596299,-5.5531e-05
1573674881.3059068,-4.7657e-05
1573674882.7526617,-6.3744e-05
1573674884.199364,-4.903e-05
1573674885.6455338,-4.8804e-05
1573674887.0917385,-4.6775e-05
1573674888.5487785,-6.5886e-05
1573674889.995866,-5.2495e-05
1573674891.4407036,-6.3266e-05
1573674892.8877223,-5.5745e-05
1573674894.33297,-5.7143e-05
1573674895.7793245,-4.486e-05
1573674897.226851,-6.1313e-05
1573674898.6731877,-5.7408e-05
1573674900.1203754,-4.7972e-05
1573674901.5679147,-5.0416e-05
1573674903.0150483,-5.1474e-05
1573674904.4612916,-5.5279e-05
1573674905.908491,-4.6019e-05
1573674907.3552225,-6.1578e-05
1573674908.8012898,-5.1789e-05
1573674910.2463193,-5.7572e-05
1573674911.692324,-5.3036e-05
1573674913.1372545,-6.8834e-05
1573674914.5844631,-5.4347e-05
1573674916.0304534,-6.7436e-05
1573674917.4771094,-4.7493e-05
1573674918.9231791,-5.7005e-05
1573674920.3702264,-6.0986e-05
1573674921.817045,-4.767e-05
1573674923.262418,-4.7607e-05
1573674924.7089338,-5.9663e-05
1573674926.155499,-3.1053e-05
1573674927.6017795,-6.3568e-05
1573674929.0578918,-4.1232e-05
1573674930.504445,-5.4132e-05
1573674931.9520001,-4.0665e-05
1573674933.3987372,-5.4901e-05
1573674934.843227,-5.1235e-05
1573674936.2882793,-5.4498e-05
1573674937.7359624,-4.6397e-05
1573674939.1824045,-4.0199e-05
1573674940.6285636,-5.8718e-05
1573674942.074556,-4.3853e-05
1573674943.525663,-5.7483e-05
1573674944.9727907,-4.898e-05
1573674946.4194262,-6.1515e-05
1573674947.867529,-6.3971e-05
1573674949.3121126,-6.1275e-05
1573674950.7578056,-5.9764e-05
1573674952.2048242,-5.698e-05
1573674953.6511905,-5.5732e-05
1573674955.0971725,-5.1651e-05
1573674956.5523727,-5.6337e-05
1573674957.9995863,-4.6511e-05
1573674959.4466722,-5.4636e-05
1573674960.8938475,-6.1162e-05
1573674962.3387187,-5.4095e-05
1573674963.7857866,-4.7103e-05
1573674965.2326746,-5.7824e-05
1573674966.6791263,-5.7672e-05
1573674968.1267118,-4.2328e-05
1573674969.5732672,-4.6259e-05
1573674971.0290117,-5.3742e-05
1573674972.4741056,-6.1439e-05
1573674973.920923,-3.7692e-05
1573674975.3649065,-5.4473e-05
1573674976.8117816,-5.0996e-05
1573674978.2590904,-5.4057e-05
1573674979.7056777,-4.5919e-05
1573674981.1528554,-6.1414e-05
1573674982.5986857,-5.315e-05
1573674984.0449545,-5.48e-05
1573674985.4900537,-5.6942e-05
1573674986.93704,-5.8189e-05
1573674988.3827817,-5.5808e-05
1573674989.830036,-5.8479e-05
1573674991.277982,-5.9549e-05
1573674992.7240114,-4.8149e-05
1573674994.171016,-5.7118e-05
1573674995.6172898,-5.7609e-05
1573674997.0648937,-4.515e-05
1573674998.51116,-4.8501e-05
1573674999.9588773,-5.8453e-05
1573675001.405112,-5.1084e-05
1573675002.8521254,-5.6261e-05
1573675004.2993364,-5.3717e-05
1573675005.746272,-6.2913e-05
1573675007.2013726,-6.2308e-05
1573675008.6474092,-6.0318e-05
1573675010.093163,-4.4155e-05
1573675011.5395257,-5.4649e-05
1573675012.985944,-5.3263e-05
1573675014.4331849,-6.2283e-05
1573675015.880504,-4.8552e-05
1573675017.327006,-5.388e-05
1573675018.7740479,-6.5445e-05
1573675020.2221155,-6.2107e-05
1573675021.6688025,-5.6942e-05
1573675023.115594,-5.5606e-05
1573675024.5613463,-5.0265e-05
1573675026.0078528,-4.9081e-05
1573675027.4550407,-4.3714e-05
1573675028.9024692,-4.1736e-05
1573675030.3464103,-4.7897e-05
1573675031.7935712,-5.2784e-05
1573675033.2414052,-6.5685e-05
1573675034.6875954,-4.9547e-05
1573675036.1336904,-4.4722e-05
1573675037.5805254,-4.1988e-05
1573675039.034561,-4.9194e-05
1573675040.481522,-4.4646e-05
1573675041.9285412,-5.1235e-05
1573675043.3754385,-5.5443e-05
1573675044.8218346,-4.2303e-05
1573675046.2674036,-3.6533e-05
1573675047.713582,-4.806e-05
1573675049.1605985,-4.5894e-05
1573675050.6078312,-5.8441e-05
1573675052.0543227,-4.0716e-05
1573675053.5097573,-4.8526e-05
1573675054.955744,-5.1739e-05
1573675056.4004562,-5.0063e-05
1573675057.8460472,-3.5916e-05
1573675059.2916968,-5.092e-05
1573675060.7389212,-4.1232e-05
1573675062.185772,-5.4145e-05
1573675063.6328316,-5.4863e-05
1573675065.088059,-5.0315e-05
1573675066.5418909,-6.1716e-05
1573675067.9882052,-5.7395e-05
1573675069.4333582,-5.4107e-05
1573675070.8808646,-5.1764e-05
1573675072.3269045,-4.9509e-05
1573675073.7738965,-4.4382e-05
1573675075.2219584,-5.5707e-05
1573675076.6691177,-5.669e-05
1573675078.116099,-5.5619e-05
1573675079.5624614,-5.4687e-05
1573675081.0175064,-4.6675e-05
1573675082.4630852,-4.7859e-05
1573675083.9099166,-5.7874e-05
1573675085.3542778,-6.4437e-05
1573675086.8003292,-5.4939e-05
1573675088.2456384,-5.0051e-05
1573675089.6920574,-4.8967e-05
1573675091.1381662,-5.2999e-05
1573675092.5847244,-6.4576e-05
1573675094.0382824,-4.5163e-05
1573675095.4851587,-5.0907e-05
1573675096.931383,-6.0217e-05
1573675098.3785055,-4.8262e-05
1573675099.8262303,-4.1069e-05
1573675101.273332,-4.3613e-05
1573675102.7202387,-5.5065e-05
1573675104.1663632,-4.3966e-05
1573675105.6132293,-4.5994e-05
1573675107.0603638,-5.0605e-05
1573675108.5071325,-4.67e-05
1573675109.9532857,-4.2782e-05
1573675111.4003012,-4.1585e-05
1573675112.8473153,-6.5155e-05
1573675114.2918057,-5.2608e-05
1573675115.738514,-4.0313e-05
1573675117.185302,-3.8347e-05
1573675118.6317036,-4.3109e-05
1573675120.0794108,-4.5616e-05
1573675121.534178,-5.3414e-05
1573675122.9814186,-5.8428e-05
1573675124.427851,-4.9975e-05
1573675125.8748116,-4.7367e-05
1573675127.319043,-4.8438e-05
1573675128.7660668,-6.1893e-05
1573675130.2134974,-4.5931e-05
1573675131.6596208,-4.7002e-05
1573675133.1054947,-4.4571e-05
1573675134.5600314,-5.0655e-05
1573675136.008574,-4.1006e-05
1573675137.4550314,-5.0681e-05
1573675138.9026742,-4.6763e-05
1573675140.3486218,-4.253e-05
1573675141.7953613,-3.8536e-05
1573675143.2426105,-3.1973e-05
1573675144.6879826,-4.6637e-05
1573675146.1348894,-5.349e-05
1573675147.580983,-5.7282e-05
1573675149.035743,-3.9204e-05
1573675150.482274,-5.0303e-05
1573675151.9296422,-5.7887e-05
1573675153.3767233,-5.9297e-05
1573675154.824107,-4.8224e-05
1573675156.2712176,-5.0089e-05
1573675157.7180624,-6.3165e-05
1573675159.164489,-4.4999e-05
1573675160.6113083,-4.1333e-05
1573675162.065872,-4.8615e-05
1573675163.5117576,-6.3316e-05
1573675164.9586313,-6.1099e-05
1573675166.4028165,-5.2016e-05
1573675167.84895,-4.8136e-05
1573675169.2945006,-5.3276e-05
1573675170.741573,-5.3805e-05
1573675172.1887882,-3.9569e-05
1573675173.635982,-5.2822e-05
1573675175.082994,-5.4573e-05
1573675176.5370598,-5.1953e-05
1573675177.9847498,-4.3399e-05
1573675179.4314644,-5.4258e-05
1573675180.8777204,-5.8705e-05
1573675182.3230224,-4.7871e-05
1573675183.7698371,-3.9028e-05
1573675185.2168186,-4.2983e-05
1573675186.663732,-4.869e-05
1573675188.1104043,-4.0048e-05
1573675189.566831,-4.2391e-05
1573675191.0140655,-4.0817e-05
1573675192.4612846,-5.029e-05
1573675193.9070575,-5.2344e-05
1573675195.3532403,-4.8703e-05
1573675196.8001523,-4.6057e-05
1573675198.2473788,-4.5289e-05
1573675199.6933916,-5.1071e-05
1573675201.1392908,-4.8753e-05
1573675202.5863323,-6.0557e-05
1573675204.0325325,-5.1122e-05
1573675205.4885166,-4.151e-05
1573675206.9363503,-5.1663e-05
1573675208.3837085,-5.0605e-05
1573675209.830381,-4.8337e-05
1573675211.2761016,-3.9204e-05
1573675212.7229352,-6.7221e-05
1573675214.1697762,-4.5377e-05
1573675215.6160595,-4.641e-05
1573675217.0715413,-4.6259e-05
1573675218.5180242,-5.8113e-05
1573675219.9648998,-4.1522e-05
1573675221.413013,-4.7393e-05
1573675222.8595688,-6.0721e-05
1573675224.3044953,-5.5254e-05
1573675225.7515938,-3.9733e-05
1573675227.1986582,-4.6952e-05
1573675228.6450174,-4.1232e-05
1573675230.092633,-4.5377e-05
1573675231.5470595,-4.9408e-05
1573675232.9938385,-4.4785e-05
1573675234.440406,-4.7443e-05
1573675235.8868592,-4.5364e-05
1573675237.3309376,-5.354e-05
1573675238.7777185,-4.1875e-05
1573675240.225725,-4.3702e-05
1573675241.6728754,-5.1147e-05
1573675243.119676,-5.1474e-05
1573675244.5663464,-5.1966e-05
1573675246.0137053,-5.0076e-05
1573675247.4602857,-5.2407e-05
1573675248.9071133,-4.6448e-05
1573675250.3540816,-4.607e-05
1573675251.8008885,-5.5077e-05
1573675253.2479231,-4.7317e-05
1573675254.6951394,-6.222e-05
1573675256.1409223,-3.8196e-05
1573675257.5873876,-4.6095e-05
1573675259.0341618,-3.8952e-05
1573675260.4822094,-4.9761e-05
1573675261.9300606,-5.0933e-05
1573675263.3774867,-5.1059e-05
1573675264.8239882,-3.6168e-05
1573675266.2690787,-4.9282e-05
1573675267.7151675,-4.9975e-05
1573675269.1618407,-5.092e-05
1573675270.6082559,-4.7078e-05
1573675272.0636332,-5.1877e-05
1573675273.5103738,-5.0706e-05
1573675274.9573278,-5.1323e-05
1573675276.402155,-5.2293e-05
1573675277.8490653,-4.6511e-05
1573675279.298285,-4.0678e-05
1573675280.745052,-4.6775e-05
1573675282.191627,-5.3477e-05
1573675283.6378305,-3.2452e-05
1573675285.0845532,-5.0844e-05
1573675286.5310798,-5.4422e-05
1573675288.0043647,-4.5616e-05
1573675289.4514163,-4.0867e-05
1573675290.8980796,-4.5301e-05
1573675292.3419976,-5.4069e-05
1573675293.7902296,-4.1887e-05
1573675295.2370367,-5.4473e-05
1573675296.68342,-6.2762e-05
1573675298.1526773,-4.4798e-05
1573675299.5996168,-4.7267e-05
1573675301.0542603,-4.2631e-05
1573675302.5016718,-5.2822e-05
1573675303.9482908,-3.5009e-05
1573675305.3944788,-4.0136e-05
1573675306.8511908,-5.2104e-05
1573675308.297881,-4.6057e-05
1573675309.7447326,-4.161e-05
1573675311.1907797,-4.7607e-05
1573675312.6375926,-5.2646e-05
1573675314.084653,-4.5591e-05
1573675315.539606,-4.772e-05
1573675316.9866073,-5.2243e-05
1573675318.441037,-4.1761e-05
1573675319.8876324,-4.9295e-05
1573675321.3325515,-5.1714e-05
1573675322.7786818,-4.2492e-05
1573675324.2247329,-4.5049e-05
1573675325.671388,-5.3288e-05
1573675327.1263413,-5.1978e-05
1573675328.5732794,-4.7594e-05
1573675330.019781,-4.1774e-05
1573675331.4658859,-4.3387e-05
1573675332.9118886,-5.4372e-05
1573675334.3586676,-4.3563e-05
1573675335.8057234,-4.4596e-05
1573675337.2506304,-5.485e-05
1573675338.697708,-4.4092e-05
1573675340.144306,-4.5667e-05
1573675341.591279,-5.732e-05
1573675343.045492,-4.4142e-05
1573675344.4931135,-5.7143e-05
1573675345.9405694,-3.4669e-05
1573675347.3846538,-3.9481e-05
1573675348.8310912,-4.3941e-05
1573675350.2778032,-3.4064e-05
1573675351.7252808,-3.9595e-05
1573675353.1719859,-4.0766e-05
1573675354.6185458,-5.3591e-05
1573675356.0653563,-4.7909e-05
1573675357.5120316,-4.961e-05
1573675358.9590602,-4.9761e-05
1573675360.4062548,-4.3525e-05
1573675361.8534825,-5.4888e-05
1573675363.297415,-4.442e-05
1573675364.7421246,-4.7657e-05
1573675366.187502,-4.476e-05
1573675367.634123,-4.6599e-05
1573675369.081124,-5.4976e-05
1573675370.5281994,-4.8955e-05
1573675371.974894,-5.1827e-05
1573675373.4212902,-5.2054e-05
1573675374.868268,-6.183e-05
1573675376.319404,-3.356e-05
1573675377.7657917,-4.6284e-05
1573675379.2123973,-4.3412e-05
1573675380.6588986,-4.8451e-05
1573675382.1051633,-3.5967e-05
1573675383.5513053,-4.0099e-05
1573675384.997481,-5.1903e-05
1573675386.4543345,-5.7798e-05
1573675387.9015493,-3.0335e-05
1573675389.345671,-5.0958e-05
1573675390.7922533,-4.636e-05
1573675392.2396672,-4.7569e-05
1573675393.6869338,-3.7264e-05
1573675395.1331947,-4.8917e-05
1573675396.5797305,-4.4533e-05
1573675398.0263972,-5.4422e-05
1573675399.4727104,-5.1449e-05
1573675400.9205482,-5.0177e-05
1573675402.3669028,-4.8615e-05
1573675403.812906,-5.0807e-05
1573675405.2607195,-4.515e-05
1573675406.7080467,-4.03e-05
1573675408.1545787,-4.767e-05
1573675409.6015449,-3.7705e-05
1573675411.0572748,-4.7619e-05
1573675412.5048244,-5.1008e-05
1573675413.9526262,-5.097e-05
1573675415.3996353,-5.2293e-05
1573675416.8472154,-5.1147e-05
1573675418.292658,-5.0807e-05
1573675419.7394178,-4.151e-05
1573675421.1857045,-4.4117e-05
1573675422.631879,-4.4646e-05
1573675424.0868268,-3.9003e-05
1573675425.5401697,-5.2104e-05
1573675426.9867845,-5.5821e-05
1573675428.4331996,-4.8904e-05
1573675429.8775477,-3.4316e-05
1573675431.322508,-4.185e-05
1573675432.7679067,-4.5301e-05
1573675434.224909,-4.3513e-05
1573675435.671935,-3.7579e-05
1573675437.118931,-3.196e-05
1573675438.5741622,-3.2376e-05
1573675440.0280747,-4.4823e-05
1573675441.4739566,-3.3371e-05
1573675442.9208207,-6.1552e-05
1573675444.3650715,-3.2678e-05
1573675445.8124428,-4.1182e-05
1573675447.2599454,-5.6287e-05
1573675448.7062068,-5.8781e-05
1573675450.1527853,-5.3578e-05
1573675451.6003177,-4.869e-05
1573675453.0550652,-4.2278e-05
1573675454.4999127,-3.5248e-05
1573675455.9470792,-4.1648e-05
1573675457.3940082,-4.4205e-05
1573675458.8401523,-4.3979e-05
1573675460.285127,-3.9255e-05
1573675461.7317681,-5.1059e-05
1573675463.178432,-4.7821e-05
1573675464.6245859,-6.0393e-05
1573675466.071261,-4.3135e-05
1573675467.5173557,-5.2104e-05
1573675468.9641182,-4.2429e-05
1573675470.4082155,-4.316e-05
1573675471.8552577,-4.5553e-05
1573675473.2996585,-5.3603e-05
1573675474.7452843,-4.2454e-05
1573675476.192323,-5.5291e-05
1573675477.6387393,-4.2744e-05
1573675479.096153,-3.7125e-05
1573675480.5503738,-3.7188e-05
1573675481.9965343,-4.8023e-05
1573675483.4432886,-4.7619e-05
1573675484.890626,-4.4684e-05
1573675486.3349779,-4.5352e-05
1573675487.781884,-4.6284e-05
1573675489.228787,-4.3437e-05
1573675490.6738827,-4.5755e-05
1573675492.120538,-4.3777e-05
1573675493.5676622,-3.7869e-05
1573675495.014518,-4.8426e-05
1573675496.461717,-4.064e-05
1573675497.9084969,-4.0741e-05
1573675499.3550823,-4.4835e-05
1573675500.801733,-4.4445e-05
1573675502.2496405,-5.1915e-05
1573675503.6969318,-4.6649e-05
1573675505.1427305,-4.0993e-05
1573675506.5888758,-6.188e-05
1573675508.043764,-3.5841e-05
1573675509.490091,-3.4102e-05
1573675510.936989,-4.5327e-05
1573675512.3839042,-5.2331e-05
1573675513.8477483,-3.0915e-05
1573675515.2922912,-3.8839e-05
1573675516.7387435,-5.8642e-05
1573675518.185371,-5.3314e-05
1573675519.6327944,-2.7073e-05
1573675521.0799341,-3.9317e-05
1573675522.5330105,-5.1676e-05
1573675523.9799218,-4.7304e-05
1573675525.4269226,-5.2936e-05
1573675526.873308,-4.03e-05
1573675528.3180218,-4.447e-05
1573675529.7659132,-4.9396e-05
1573675531.2129025,-3.5664e-05
1573675532.66022,-4.7027e-05
1573675534.106979,-4.1384e-05
1573675535.5543122,-5.6224e-05
1573675537.0019474,-4.6057e-05
1573675538.4486845,-4.4949e-05
1573675539.8955874,-4.8237e-05
1573675541.3399403,-3.2086e-05
1573675542.7871127,-5.1966e-05
1573675544.234219,-3.7226e-05
1573675545.6805534,-5.1222e-05
1573675547.127193,-4.3815e-05
1573675548.573153,-5.8315e-05
1573675550.020367,-3.8033e-05
1573675551.4671543,-4.3613e-05
1573675552.921426,-4.6826e-05
1573675554.3659008,-4.3651e-05
1573675555.8133295,-3.7995e-05
1573675557.2587667,-4.6738e-05
1573675558.705204,-4.8413e-05
1573675560.151448,-3.7e-05
1573675561.597967,-4.3853e-05
1573675563.0538363,-4.3172e-05
1573675564.500305,-5.2356e-05
1573675565.9479766,-7.6657e-05
1573675567.3948853,-4.1308e-05
1573675568.8415494,-3.4757e-05
1573675570.287108,3.6785e-05
1573675571.7331324,-3.956e-06
1573675573.1794374,-0.000260836
1573675574.6272228,-6.3052e-05
1573675576.0814476,0.002061718
1573675577.5355132,0.12568296
1573675579.1183746,-0.003726713
1573675580.5643532,-0.00292129
1573675582.0125537,0.004161698
1573675583.459096,0.010067394
1573675584.8887107,0.009139482
1573675586.3194757,-0.000444989
1573675587.766447,0.002843094
1573675589.1964695,-0.00038219
1573675590.6436267,-0.000172286
1573675592.0904756,-0.000242922
1573675593.5445955,-0.000104523
1573675594.9906929,0.000137958
1573675596.4372134,-9.088e-05
1573675597.884215,-0.000125927
1573675599.3316178,-0.000125675
1573675600.7783442,-9.6675e-05
1573675602.2364118,-0.000114816
1573675603.683734,-9.9295e-05
1573675605.1296403,-8.8247e-05
1573675606.5767488,-0.000104549
1573675608.0228744,-8.8726e-05
1573675609.4701183,-9.413e-05
1573675610.916975,-4.4634e-05
1573675612.3609414,-6.3568e-05
1573675613.807993,-6.1956e-05
1573675615.2540705,-6.5798e-05
1573675616.700461,-7.0938e-05
1573675618.1479518,-3.2553e-05
1573675619.6027882,-8.0928e-05
1573675621.047203,-5.3351e-05
1573675622.4938574,-3.8688e-05
1573675623.940372,-8.1621e-05
1573675625.3921027,-5.1323e-05
1573675626.8409941,-6.3896e-05
1573675628.2870162,-4.2152e-05
1573675629.7331252,-2.9705e-05
1573675631.180116,-3.5173e-05
1573675632.6273124,-5.3717e-05
1573675634.0740132,-5.6513e-05
1573675635.5212586,-3.4682e-05
1573675636.9683416,1.789e-06
1573675638.413063,-5.0933e-05
1573675639.868043,-3.6206e-05
1573675641.3141336,-4.1484e-05
1573675642.7607718,-7.4377e-05
1573675644.2054086,-2.0081e-05
1573675645.65217,-1.2409e-05
1573675647.09908,-6.1993e-05
1573675648.5455601,-3.2678e-05
1573675649.9924324,-4.8892e-05
1573675651.4389951,-1.0733e-05
1573675652.886195,-2.3545e-05
1573675654.3344648,-2.8169e-05
1573675655.7811313,-5.6929e-05
1573675657.2444549,-5.7433e-05
1573675658.691595,-2.9e-07
1573675660.1382978,-1.8128e-05
1573675661.5852754,-4.2278e-05
1573675663.0404532,2.343e-06
1573675664.4865663,-3.8096e-05
1573675665.9341242,-4.4243e-05
1573675667.3791575,-4.0766e-05
1573675668.8258257,-1.4676e-05
1573675670.270513,-4.0602e-05
1573675671.7174578,-3.3056e-05
1573675673.1650536,-3.671e-05
1573675674.6101782,-1.639e-05
1573675676.0547261,-3.5891e-05
1573675677.509725,-1.3102e-05
1573675678.956868,-2.1555e-05
1573675680.403615,-4.2706e-05
1573675681.8515918,-5.2759e-05
1573675683.2988007,-2.0975e-05
1573675684.7475088,-1.5067e-05
1573675686.194719,-2.2311e-05
1573675687.6416614,-4.6637e-05
1573675689.0990088,-5.089e-06
1573675690.554593,-3.4745e-05
1573675692.0019414,-3.0751e-05
1573675693.4486122,-1.2862e-05
1573675694.8958848,-2.706e-05
1573675696.3418427,-2.0698e-05
1573675697.7882137,-2.6669e-05
1573675699.2338867,-3.0222e-05
1573675700.6817265,-1.4525e-05
1573675702.1280584,-2.4692e-05
1573675703.5749104,-1.998e-05
1573675705.0217097,-3.676e-05
1573675706.4681091,-1.0469e-05
1573675707.9235754,-4.8237e-05
1573675709.369787,-1.1149e-05
1573675710.8168795,-2.5284e-05
1573675712.2618175,-4.0829e-05
1573675713.7237308,-2.1895e-05
1573675715.1702342,-7.042e-06
1573675716.6162581,-4.0023e-05
1573675718.0719638,-1.7045e-05
1573675719.5180345,-3.6685e-05
1573675720.965088,-2.9743e-05
1573675722.4106143,-1.4916e-05
1573675723.86721,-2.4654e-05
1573675725.3117235,-4.3034e-05
1573675726.7586577,3.061e-06
1573675728.2050047,-2.4515e-05
1573675729.6512043,-4.5062e-05
1573675731.0985436,-4.1195e-05
1573675732.5539873,-5.102e-06
1573675734.000083,-5.0101e-05
1573675735.4553113,-1.9287e-05
1573675736.901199,-6.803e-06
1573675738.3472543,-4.1938e-05
1573675739.7942283,-4.5062e-05
1573675741.240709,-8.982e-06
1573675742.688156,-2.3129e-05
1573675744.1352444,-1.8078e-05
1573675745.5894887,-2.9806e-05
1573675747.0352952,-6.664e-06
1573675748.482054,-4.025e-05
1573675749.9375393,-2.7778e-05
1573675751.381448,-3.0272e-05
1573675752.829179,-3.9053e-05
1573675754.2731695,-1.8808e-05
1573675755.7202888,-1.1162e-05
1573675757.166642,-2.3167e-05
1573675758.6133604,-4.0489e-05
1573675760.0594444,-2.8786e-05
1573675761.5066211,-2.7312e-05
1573675762.9533622,-2.4024e-05
1573675764.3983245,-4.422e-06
1573675765.8445573,-2.3306e-05
1573675767.2915258,-3.4178e-05
1573675768.7381952,-2.0799e-05
1573675770.186413,-2.9328e-05
1573675771.6336055,-3.1205e-05
1573675773.0802188,-2.575e-05
1573675774.5269697,-9.826e-06
1573675775.9735155,-3.8171e-05
1573675777.4182835,-1.4576e-05
1573675778.8655896,-3.031e-05
1573675780.3121164,-2.3545e-05
1573675781.7588046,-2.648e-05
1573675783.206201,-2.0282e-05
1573675784.6529942,-3.653e-06
1573675786.1146138,-2.5384e-05
1573675787.5683932,-2.2764e-05
1573675789.0157757,-1.4122e-05
1573675790.462329,-2.1341e-05
1573675791.9091852,-3.0348e-05
1573675793.3562727,-3.3649e-05
1573675794.8033972,-2.2751e-05
1573675796.2497067,-3.5337e-05
1573675797.6959949,-1.9665e-05
1573675799.1427727,-3.8398e-05
1573675800.5871716,-2.8458e-05
1573675802.0341837,-2.5813e-05
1573675803.4808104,-2.4225e-05
1573675804.9369595,-3.511e-05
1573675806.3841457,-1.1048e-05
1573675807.8304856,-1.77e-05
1573675809.2751997,-4.1321e-05
1573675810.7214298,-2.4087e-05
1573675812.168802,-2.6165e-05
1573675813.6158602,-2.0874e-05
1573675815.071092,-2.1542e-05
1573675816.5180428,-1.9967e-05
1573675817.963935,-2.8357e-05
1573675819.4107525,-3.7491e-05
1573675820.8579462,-4.0212e-05
1573675822.3041246,-2.837e-05
1573675823.7513752,-2.1454e-05
1573675825.199019,-5.53e-06
1573675826.6450303,-3.4644e-05
1573675828.0910447,-4.1648e-05
1573675829.5379639,-2.8471e-05
1573675830.9839761,-2.4868e-05
1573675832.4288719,-2.6569e-05
1573675833.8749788,-2.1731e-05
1573675835.31911,-1.9413e-05
1573675836.7662454,-2.9088e-05
1573675838.2116876,-1.6868e-05
1573675839.6581836,-7.37e-06
1573675841.1054044,-4.1648e-05
1573675842.5602348,-1.94e-05
1573675844.0072849,-1.8745e-05
1573675845.4542174,-3.574e-05
1573675846.9011607,-3.2905e-05
1573675848.345977,-1.9602e-05
1573675849.7924664,-2.1479e-05
1573675851.239905,1.499e-06
1573675852.6867008,-5.1802e-05
1573675854.1328905,-3.8511e-05
1573675855.5792913,-1.4399e-05
1573675857.0253687,-1.0872e-05
1573675858.4717047,-2.7539e-05
1573675859.9183075,-3.7188e-05
1573675861.3623662,-3.1608e-05
1573675862.8104131,-1.9993e-05
1573675864.2569578,-1.0406e-05
1573675865.703418,-9.461e-06
1573675867.1500375,-4.4621e-05
1573675868.5965385,-3.3132e-05
1573675870.0515244,-2.9353e-05
1573675871.498474,-1.9275e-05
1573675872.946581,-3.6962e-05
1573675874.3913722,-2.8307e-05
1573675875.8359547,-9.285e-06
1573675877.281484,-2.6657e-05
1573675878.7279365,-5.5795e-05
1573675880.1752324,-2.5586e-05
1573675881.6216328,-2.6921e-05
1573675883.0759697,-3.54e-05
1573675884.53155,-1.8493e-05
1573675885.9779036,-3.6685e-05
1573675887.424748,-3.9066e-05
1573675888.8709316,-3.3245e-05
1573675890.3176866,-6.185e-06
1573675891.7638803,-2.391e-05
1573675893.2097666,-2.9378e-05
1573675894.6568255,-1.9627e-05
1573675896.1040342,-5.3666e-05
1573675897.5507698,-1.9451e-05
1573675898.997652,-7.735e-06
1573675900.4438057,-2.5069e-05
1573675901.8904374,-3.1394e-05
1573675903.3347886,-3.4593e-05
1573675904.7809224,-2.8395e-05
1573675906.2273986,-1.436e-06
1573675907.6739533,-3.6256e-05
1573675909.1219382,-2.6468e-05
1573675910.5689318,-5.6387e-05
1573675912.0142121,-2.1819e-05
1573675913.460756,-1.256e-05
1573675914.9074333,-1.0229e-05
1573675916.3522487,-4.6964e-05
1573675917.7997127,-4.6939e-05
1573675919.24825,-2.2222e-05
1573675920.6952288,-0.000140011
1573675922.1429608,-7.2349e-05
1573675923.5904737,0.000109852
1573675925.043173,-6.68e-07
1573675926.487472,-0.007486367
1573675927.9342842,-0.001772036
1573675929.3781776,0.000180488
1573675930.8251195,-7.4591e-05
1573675932.273063,-3.9494e-05
1573675933.7202494,0.007778384
1573675935.1674397,0.000109814
1573675936.6141982,-0.000166693
1573675938.069647,-0.001014749
1573675939.5136847,0.000161591
1573675940.9588332,0.000542206
1573675942.4036186,-0.008370969
1573675943.8502715,-0.00132556
1573675945.2954302,3.3656089
1573675946.6632736,3.3691847
1573675948.0309615,3.368753
1573675949.39644,3.3683415
1573675950.7634747,3.3679364
1573675952.130961,3.3675489
1573675953.4989922,3.3671677
1573675954.8665013,3.3668004
1573675956.2350616,3.3664457
1573675957.6028268,3.3661011
1573675958.9709618,3.3657616
1573675960.3364375,3.3654271
1573675961.704213,3.3651103
1573675963.0716527,3.3648049
1573675964.439345,3.3645057
1573675965.807141,3.364223
1573675967.1744127,3.3639567
1573675968.549063,3.3636903
1573675969.9165604,3.3634392
1573675971.2878141,3.363188
1573675972.6528292,3.3629494
1573675974.0205271,3.3627121
1573675975.3875246,3.3624812
1573675976.7654467,3.3622628
1573675978.1307359,3.362047
1573675979.4984643,3.36184
1573675980.8638382,3.3616279
1573675982.2310925,3.3614335
1573675983.59896,3.3612366
1573675984.9662478,3.3610511
1573675986.334838,3.3608656
1573675987.702535,3.3606863
1573675989.0697186,3.3605134
1573675990.446465,3.3603417
1573675991.8137481,3.3601777
1573675993.180929,3.3600174
1573675994.5497518,3.3598583
1573675995.9168499,3.3597081
1573675997.2917535,3.3595605
1573675998.6590993,3.3594153
1573676000.0269706,3.3592752
1573676001.3948371,3.3591326
1573676002.762016,3.3589963
1573676004.129146,3.3588675
1573676005.49591,3.3587438
1573676006.863047,3.3586214
1573676008.2309427,3.3585002
1573676009.5987582,3.3583816
1573676010.9664721,3.3582718
1573676012.3324318,3.3581594
1573676013.699386,3.3580471
1573676015.0665925,3.3579461
1573676016.4343219,3.3578426
1573676017.802825,3.3577378
1573676019.1704068,3.3576419
1573676020.5388598,3.3575485
1573676021.9184747,3.3574501
1573676023.285035,3.3573605
1573676024.6522427,3.3572746
1573676026.0572512,3.3571888
1573676027.4220645,3.3571017
1573676028.7883382,3.3570209
1573676030.1563487,3.3569389
1573676031.5247033,3.3568606
1573676032.8923056,3.3567874
1573676034.2601485,3.3567079
1573676035.6282053,3.3566385
1573676036.9955316,3.3565678
1573676038.3605607,3.3564984
1573676039.7262356,3.356429
1573676041.092566,3.3563633
1573676042.4606128,3.3562989
1573676043.825738,3.3562333
1573676045.193269,3.3561715
1573676046.5603914,3.3561084
1573676047.9316983,3.3560503
1573676049.3101358,3.3559884
1573676050.6771195,3.3559342
1573676052.0452602,3.3558786
1573676053.4106967,3.3558244
1573676054.7765257,3.3557701
1573676056.1442013,3.3557196
1573676057.5117815,3.3556653
1573676058.8785212,3.3556148
1573676060.2467701,3.3555669
1573676061.6134815,3.3555214
1573676062.9815378,3.355476
1573676064.3467712,3.3554278
1573676065.7137024,3.3553849
1573676067.0804632,3.3553433
1573676068.4459784,3.3552991
1573676069.8134205,3.3552587
1573676071.181314,3.3552183
1573676072.5489972,3.3551767
1573676073.9167025,3.3551401
1573676075.2826622,3.3551022
1573676076.6501353,3.3550643
1573676078.0179558,3.3550265
1573676079.3852625,3.3549911
1573676080.7531874,3.3549583
1573676082.1200547,3.3549255
1573676083.4868045,3.3548952
1573676084.853956,3.3548598
1573676086.2194705,3.3548308
1573676087.5868819,3.3547967
1573676088.9553578,3.3547677
1573676090.32377,3.3547387
1573676091.691266,3.3547109
1573676093.0588188,3.3546844
1573676094.4263194,3.3546566
1573676095.7910411,3.3546314
1573676097.1586192,3.3546049
1573676098.527182,3.3545771
1573676099.8949711,3.3545544
1573676101.262603,3.3545279
1573676102.6308534,3.3545052
1573676103.9982948,3.3544837
1573676105.3648205,3.3544547
1573676106.732646,3.3544383
1573676108.10097,3.3544193
1573676109.4686737,3.3543941
1573676110.8360958,3.3543764
1573676112.2040625,3.3543562
1573676113.5711722,3.354336
1573676114.9379861,3.3543184
1573676116.3098865,3.3542982
1573676117.6770601,3.354283
1573676119.0456924,3.3542691
1573676120.413121,3.3542477
1573676121.7802303,3.35423
1573676123.1471436,3.3542161
1573676124.5150802,3.3541985
1573676125.8822541,3.3541833
1573676127.2489398,3.3541694
1573676128.614174,3.3541606
1573676129.981166,3.3541442
1573676131.346276,3.354129
1573676132.7136953,3.3541152
1573676134.0793428,3.3541013
1573676135.5193503,3.3540912
1573676136.8869255,3.3540773
1573676138.2545488,3.3540672
1573676139.6214783,3.354052
1573676140.9887414,3.3540407
1573676142.3640337,3.3540344
1573676143.7312868,3.354023
1573676145.0993102,3.3540104
1573676146.4641066,3.3540016
1573676147.8331175,3.3539927
1573676149.200512,3.3539852
1573676150.5674713,3.3539751
1573676151.9348373,3.3539662
1573676153.3000877,3.3539561
1573676154.6673741,3.3539485
1573676156.035448,3.3539372
1573676157.4013488,3.3539309
1573676158.7694912,3.3539246
1573676160.1373463,3.3539183
1573676161.502496,3.3539094
1573676162.8706012,3.3539018
1573676164.2365258,3.3538955
1573676165.6239989,3.3538892
1573676166.9995031,3.3538829
1573676168.364428,3.3538753
1573676169.731586,3.3538728
1573676171.098614,3.3538627
1573676172.465898,3.3538652
1573676173.8347049,3.3538564
1573676175.2018607,3.3538539
1573676176.567006,3.3538476
1573676177.9347866,3.3538413
1573676179.2999964,3.3538387
1573676180.6676826,3.3538324
1573676182.0347106,3.3538312
1573676183.3999994,3.3538286
1573676184.7668085,3.3538236
1573676186.1347566,3.3538223
1573676187.5019903,3.3538173
1573676188.8702586,3.3538148
1573676190.2378085,3.3538097
1573676191.6066694,3.3538084
1573676192.9717832,3.3538072
1573676194.3396661,3.3538034
1573676195.706843,3.3538009
1573676197.0719233,3.3537996
1573676198.441107,3.3538009
1573676199.8093233,3.3538009
1573676201.1744199,3.3537946
1573676202.5396147,3.3537958
1573676203.9069536,3.3537971
1573676205.2729945,3.3537958
1573676206.6392224,3.353792
1573676208.0074124,3.3537933
1573676209.3738747,3.353792
1573676210.7409866,3.353792
1573676212.1088426,3.353792
1573676213.476936,3.3537895
1573676214.8439784,3.3537882
1573676216.210429,3.353792
1573676217.578075,3.3537908
1573676218.945125,3.3537908
1573676220.3102207,3.3537882
1573676221.677864,3.3537895
1573676223.0441632,3.3537908
1573676224.421031,3.3537882
1573676225.7882662,3.3537908
1573676227.1554375,3.3537946
1573676228.5308576,3.3537958
1573676229.8981636,3.3537971
1573676231.263768,3.3537946
1573676232.6285727,3.3537971
1573676233.9944525,3.3538021
1573676235.3601727,3.3538047
1573676236.7275918,3.3538047
1573676238.092803,3.3538072
1573676239.4602146,3.3538084
1573676240.8259187,3.3538122
1573676242.1927114,3.3538122
1573676243.5605068,3.353816
1573676244.9287107,3.3538173
1573676246.2962384,3.3538223
1573676247.6639454,3.3538198
1573676249.03112,3.3538249
1573676250.4003034,3.3538249
1573676251.7667735,3.3538249
1573676253.135563,3.3538286
1573676254.501309,3.3538324
1573676255.868511,3.3538312
1573676257.2361608,3.3538362
1573676258.6042483,3.3538362
1573676259.9710138,3.35384
1573676261.3364468,3.353845
1573676262.7043793,3.3538476
1573676264.0718002,3.3538514
1573676265.4379315,3.3538551
1573676266.805149,3.3538577
1573676268.1725392,3.3538615
1573676269.5376985,3.353864
1573676270.91347,3.353869
1573676272.279534,3.3538678
1573676273.647109,3.3538766
1573676275.014396,3.3538766
1573676276.3806136,3.3538842
1573676277.7485745,3.3538854
1573676279.1156967,3.3538892
1573676280.4822361,3.3538955
1573676281.8507226,3.3538968
1573676283.218385,3.3539006
1573676284.586258,3.3539069
1573676285.9537687,3.3539094
1573676287.3328297,3.3539132
1573676288.700902,3.3539195
1573676290.0691204,3.353922
1573676291.435167,3.3539233
1573676292.8028145,3.3539296
1573676294.1700919,3.3539334
1573676295.5371737,3.353941
1573676296.9041722,3.3539422
1573676298.271837,3.3539485
1573676299.6399639,3.3539536
1573676301.0080082,3.3539599
1573676302.374947,3.3539586
1573676303.7420552,3.3539675
1573676305.109712,3.35397
1573676306.4779708,3.3539751
1573676307.8459942,3.3539801
1573676309.2133636,3.3539839
1573676310.5939531,3.3539902
1573676311.961258,3.3539952
1573676313.3283508,3.353999
1573676314.696096,3.3540003
1573676316.063401,3.3540091
1573676317.4311392,3.3540142
1573676318.7990031,3.354018
1573676320.1661453,3.354023
1573676321.5341125,3.3540281
1573676322.9014537,3.3540293
1573676324.2692459,3.3540394
1573676325.6374772,3.3540445
1573676327.0046115,3.3540457
1573676328.3725183,3.3540558
1573676329.7412248,3.3540584
1573676331.1087506,3.3540659
1573676332.4762275,3.3540685
1573676333.84362,3.3540735
1573676335.2108486,3.3540786
1573676336.5788014,3.3540849
1573676337.946876,3.3540912
1573676339.3122497,3.3540962
1573676340.6794012,3.3541025
1573676342.0461988,3.3541038
1573676343.4115484,3.3541101
1573676344.7794967,3.3541177
1573676346.14714,3.3541227
1573676347.5132442,3.3541253
1573676348.8788793,3.3541316
1573676350.2463853,3.3541404
1573676351.6143255,3.3541442
1573676352.982249,3.3541492
1573676354.346969,3.354153
1573676355.7133887,3.3541619
1573676357.0816143,3.3541644
1573676358.4475923,3.3541707
1573676359.815837,3.3541783
1573676361.1839738,3.3541821
1573676362.5516148,3.3541871
1573676363.9195702,3.3541922
1573676365.2850642,3.354201
1573676366.652542,3.3542048
1573676368.0184681,3.3542098
1573676369.383514,3.3542161
1573676370.7512906,3.3542187
1573676372.1196904,3.3542262
1573676373.4858153,3.3542338
1573676374.8525822,3.3542363
1573676376.2202246,3.3542477
1573676377.5876677,3.3542527
1573676378.9554787,3.3542553
1573676380.3231452,3.3542616
1573676381.6907153,3.3542641
1573676383.0579088,3.3542755
1573676384.4260998,3.3542805
1573676385.7934856,3.3542843
1573676387.1607997,3.3542881
1573676388.5285888,3.3542982
1573676389.8967721,3.3543045
1573676391.2628725,3.3543095
1573676392.630885,3.3543133
1573676393.9984505,3.3543209
1573676395.3637683,3.3543234
1573676396.7309024,3.3543335
1573676398.0979125,3.3543335
1573676399.4661345,3.3543424
1573676400.833491,3.3543474
1573676402.2014742,3.3543537
1573676403.5693545,3.35436
1573676404.936449,3.3543651
1573676406.3013246,3.3543714
1573676407.668764,3.354379
1573676409.0358078,3.3543865
1573676410.4016864,3.3543878
1573676411.7695363,3.3543954
1573676413.1360471,3.3544029
1573676414.5045207,3.3544092
1573676415.8721595,3.354413
1573676417.240117,3.3544206
1573676418.607024,3.3544244
1573676419.9742901,3.3544332
1573676421.3424456,3.354437
1573676422.710485,3.3544395
1573676424.0776873,3.3544496
1573676425.44338,3.3544559
1573676426.8107204,3.3544585
1573676428.1781878,3.3544673
1573676429.5852873,3.3544711
1573676430.9535882,3.3544761
1573676432.3187227,3.3544837
1573676433.6933367,3.3544926
1573676435.0612733,3.3544951
1573676436.4293547,3.3545014
1573676437.7942863,3.354509
1573676439.1620877,3.3545153
1573676440.5294113,3.3545191
1573676441.8961036,3.3545254
1573676443.262791,3.3545304
1573676444.6293824,3.3545342
1573676445.997351,3.3545443
1573676447.3623226,3.3545494
1573676448.7294848,3.3545557
1573676450.0972602,3.3545582
1573676451.4638472,3.3545683
1573676452.8314843,3.3545733
1573676454.1977797,3.3545771
1573676455.566471,3.3545834
1573676456.933888,3.354591
1573676458.3015432,3.3545973
1573676459.6693926,3.3546024
1573676461.0344791,3.3546099
1573676462.4014142,3.3546137
1573676463.768794,3.3546175
1573676465.1340404,3.3546251
1573676466.49995,3.3546327
1573676467.8663175,3.3546377
1573676469.2336602,3.3546428
1573676470.60212,3.3546503
1573676471.9696894,3.3546541
1573676473.33562,3.3546617
1573676474.7036316,3.3546693
1573676476.085821,3.3546718
1573676477.4509933,3.3546768
1573676478.853146,3.3546882
1573676480.2502992,3.354692
1573676481.6774356,3.3547008
1573676483.0965762,3.3547033
1573676484.4977286,3.3547084
1573676485.9058747,3.3547172
1573676487.2860405,3.3547223
1573676488.6562095,3.3547286
1573676490.0423703,3.3547387
1573676491.407544,3.3547412
1573676492.8396761,3.3547475
1573676494.2348323,3.3547488
1573676495.6449783,3.3547576
1573676497.03014,3.3547639
1573676498.4712682,3.3547715
1573676499.8574266,3.354774
1573676501.2715712,3.3547829
1573676502.6847153,3.3547866
1573676504.1208465,3.3547917
1573676505.5509806,3.3547993
1573676506.9281456,3.3548068
1573676508.3014758,3.3548106
1573676509.6666634,3.3548169
1573676511.0478265,3.3548232
1573676512.4659681,3.3548296
1573676513.8401363,3.3548359
1573676515.2482831,3.3548397
1573676516.6394417,3.354851
1573676518.057583,3.3548523
1573676519.4497387,3.3548561
1573676520.8189104,3.3548636
1573676522.228058,3.3548712
1573676523.614218,3.3548725
1573676524.98239,3.3548826
1573676526.3875399,3.3548851
1573676527.8006833,3.3548927
1573676529.2048333,3.354899
1573676530.630969,3.3549053
1573676532.0251243,3.3549091
1573676533.3902986,3.3549154
1573676534.7564714,3.3549242
1573676536.1226444,3.354928
1573676537.4878168,3.3549331
1573676538.85299,3.3549394
1573676540.222161,3.3549482
1573676541.5923493,3.3549533
1573676542.9755106,3.3549596
1573676544.377662,3.3549646
1573676545.7978015,3.3549697
1573676547.1959548,3.3549709
1573676548.562172,3.354981
1573676549.928346,3.3549861
1573676551.2935183,3.3549924
1573676552.6586921,3.355
1573676554.0559394,3.3550012
1573676555.4211125,3.3550088
1573676556.7862859,3.3550138
1573676558.1654506,3.3550214
1573676559.5306263,3.3550265
1573676560.9110622,3.3550302
1573676562.3242073,3.3550391
1573676563.7073696,3.3550441
1573676565.1105208,3.3550479
1573676566.5256634,3.3550568
1573676567.9268146,3.3550593
1573676569.2939878,3.3550656
1573676570.6901429,3.3550757
1573676572.0563147,3.3550795
1573676573.4534686,3.3550807
1573676574.8636148,3.3550908
1573676576.2427804,3.3550971
1573676577.666918,3.3551009
1573676579.077064,3.355106
1573676580.4762163,3.3551123
1573676581.8463871,3.3551186
1573676583.2405436,3.3551211
1573676584.6606832,3.35513
1573676586.0658317,3.3551337
1573676587.4539917,3.3551388
1573676588.8421526,3.3551451
1573676590.2502983,3.3551502
1573676591.6664417,3.355159
1573676593.0725899,3.3551628
1573676594.4377632,3.3551653
1573676595.8039362,3.3551754
1573676597.1688526,3.3551767
1573676598.5427306,3.3551868
1573676599.9118755,3.3551905
1573676601.279571,3.3551969
1573676602.647492,3.3552006
1573676604.0133202,3.3552057
1573676605.3785105,3.3552107
1573676606.7433035,3.3552158
1573676608.1102371,3.3552259
1573676609.4770732,3.3552284
1573676610.845102,3.3552347
1573676612.2104664,3.355241
1573676613.5779927,3.3552423
1573676614.988502,3.3552499
1573676616.3556182,3.3552537
1573676617.724751,3.3552587
1573676619.1041355,3.3552638
1573676620.4691253,3.3552688
1573676621.8358283,3.3552764
1573676623.2017345,3.3552776
1573676624.570067,3.3552877
1573676625.937858,3.355294
1573676627.3030922,3.3552953
1573676628.6709404,3.3553004
1573676630.035539,3.3553054
1573676631.4034665,3.3553142
1573676632.771792,3.3553142
1573676634.139255,3.3553218
1573676635.507244,3.3553243
1573676636.874595,3.3553306
1573676638.2427492,3.355337
1573676639.6079097,3.355342
1573676640.97579,3.3553471
1573676642.3552518,3.3553496
1573676643.719865,3.3553572
1573676645.0872266,3.3553622
1573676646.508346,3.3553698
1573676647.8759131,3.3553761
1573676649.243582,3.3553786
1573676650.6110234,3.3553849
1573676651.981109,3.35539
1573676653.347905,3.355395
1573676654.7154377,3.3554013
1573676656.0831842,3.3554051
1573676657.4478989,3.3554051
1573676658.8131394,3.3554165
1573676660.178658,3.3554228
1573676661.5466442,3.3554253
1573676662.9142232,3.3554291
1573676664.2810583,3.3554354
1573676665.6481705,3.3554417
1573676667.0133545,3.355448
1573676668.3785493,3.3554468
1573676669.7461128,3.3554545
1573676671.1132991,3.3554583
1573676672.4784193,3.3554634
1573676673.844613,3.3554722
1573676675.208939,3.3554735
1573676676.574646,3.3554798
1573676677.9424245,3.3554823
1573676679.3076875,3.3554886
1573676680.6755688,3.3554937
1573676682.0441217,3.3554937
1573676683.409357,3.3555025
1573676684.775647,3.3555063
1573676686.142914,3.3555126
1573676687.5108624,3.3555151
1573676688.877509,3.3555214
1573676690.2459254,3.355529
1573676691.6126661,3.3555303
1573676692.9787304,3.3555353
1573676694.3435676,3.3555416
1573676695.7083745,3.3555479
1573676697.0760095,3.3555517
1573676698.4453738,3.3555568
1573676699.8129199,3.3555606
1573676701.1889553,3.3555669
1573676702.5568886,3.3555694
1573676703.9247668,3.3555757
1573676705.2901263,3.3555782
1573676706.6578,3.3555845
1573676708.0232747,3.3555909
1573676709.390466,3.3555934
1573676710.7576668,3.3555972
1573676712.1226163,3.3556022
1573676713.4889166,3.3556073
1573676714.8542516,3.3556123
1573676716.2250648,3.3556174
1573676717.5921426,3.3556224
1573676718.9601953,3.3556237
1573676720.3260772,3.3556312
1573676721.6931875,3.355635
1573676723.0600657,3.3556413
1573676724.4249537,3.3556451
1573676725.7909656,3.3556514
1573676727.1580615,3.3556552
1573676728.5248563,3.3556615
1573676729.8922286,3.3556628
1573676731.2585473,3.3556679
1573676732.627004,3.3556729
1573676733.99429,3.3556779
1573676735.3601415,3.3556817
1573676736.7275302,3.3556855
1573676738.0927808,3.3556906
1573676739.4593825,3.3556981
1573676740.8270173,3.3557019
1573676742.1949563,3.3557045
1573676743.5632114,3.3557082
1573676744.9287727,3.3557133
1573676746.293532,3.3557183
1573676747.6615455,3.3557221
1573676749.0291688,3.3557284
1573676750.396624,3.3557322
1573676751.763406,3.3557373
1573676753.1284385,3.3557423
1573676754.4964924,3.3557411
1573676755.8613806,3.3557474
1573676757.237025,3.3557537
1573676758.6035511,3.3557549
1573676759.9699402,3.3557587
1573676761.3360395,3.3557676
1573676762.701323,3.3557701
1573676764.068505,3.3557751
1573676765.4380648,3.3557789
1573676766.8915408,3.3557852
1573676768.2575464,3.3557878
1573676769.6242056,3.3557915
1573676770.9915898,3.3557979
1573676772.356732,3.3558016
1573676773.7230632,3.3558042
1573676775.1028352,3.3558105
1573676776.4707932,3.3558117
1573676777.8376515,3.3558155
1573676779.2053106,3.3558218
1573676780.5710366,3.3558256
1573676781.9381049,3.3558319
1573676783.3075771,3.355837
1573676784.674871,3.355837
1573676786.042336,3.3558458
1573676787.4077632,3.3558471
1573676788.7755113,3.3558521
1573676790.1437716,3.3558572
1573676791.5113728,3.3558622
1573676792.8791537,3.3558648
1573676794.2442446,3.3558698
1573676795.6116033,3.3558723
1573676796.9788392,3.1786424
1573676798.344913,3.1131269
1573676799.7127244,3.0665848
1573676801.0942564,3.0292944
1573676802.4629893,2.9977598
1573676803.8303797,2.9695991
1573676805.1979594,2.9436219
1573676806.5669174,2.9191804
1573676807.9320836,2.8959334
1573676809.2987967,2.8735055
1573676810.6659565,2.8516936
1573676812.0335414,2.8303623
1573676813.399016,2.8094655
1573676814.763753,2.7889233
1573676816.1313944,2.7685844
1573676817.49809,2.7484575
1573676818.8655384,2.7284896
1573676820.2332883,2.7086551
1573676821.60104,2.6889574
1573676822.968862,2.6693581
1573676824.3344388,2.6498824
1573676825.7015882,2.6304422
1573676827.069424,2.6110749
1573676828.4349759,2.5917911
1573676829.801981,2.5725654
1573676831.16965,2.5533827
1573676832.5364978,2.534292
1573676833.904961,2.5152704
1573676835.2704139,2.4963665
1573676836.6383615,2.4194158
1573676838.0057347,2.4306455
1573676839.3706272,2.4126517
1573676840.7385123,2.3658028
1573676842.1051266,2.3769467
1573676843.4734836,2.3596446
1573676844.8413074,2.3142764
1573676846.2079668,2.3268024
1573676847.5756867,2.3123478
1573676848.9411077,2.3002457
1573676850.308501,2.2624897
1573676851.6748466,2.2839243
1573676853.0418231,2.2790295
1573676854.409374,2.2471074
1573676855.7773864,2.2720546
1573676857.1445172,2.2693371
1573676858.511475,2.2668531
1573676859.878623,2.2361352
1573676861.2462432,2.2617526
1573676862.6137612,2.2593519
1573676863.9807055,2.228875
1573676865.34678,2.2543953
1573676866.713598,2.2519744
1573676868.0819,2.2496659
1573676869.4497843,2.2191839
1573676870.8176434,2.2447799
1573676872.185575,2.2424322
1573676873.5528169,2.2402676
1573676874.92077,2.2097175
1573676876.2855737,2.235369
1573676877.6522477,2.2330718
1573676879.0205865,2.2029067
1573676880.3866198,2.2284156
1573676881.753099,2.226097
1573676883.1324186,2.223849
1573676884.4996247,2.1936242
1573676885.8688686,2.2190047
1573676887.2366061,2.2166217
1573676888.6046166,2.2143068
1573676889.972195,2.1839621
1573676891.3405614,2.2092
1573676892.70787,2.2067122
1573676894.0752494,2.2011607
1573676895.440555,2.173626
1573676896.8188264,2.1987512
1573676898.1863267,2.1960703
1573676899.5531983,2.165649
1573676900.9209883,2.1627055
1573676902.2886064,2.1875846
1573676903.6549706,2.1847522
1573676905.0302474,2.1541138
1573676906.397943,2.1568565
1573676907.765036,2.1555148
1573676909.1321836,2.1398838
1573676910.4971046,2.1217083
1573676911.8651955,2.098051
1573676913.2329159,2.0693587
1573676914.7126756,2.0381977
1573676916.1772904,2.0019324
1573676917.6410136,1.9606484
1573676919.1362176,1.919949
1573676920.6331425,1.8733702
1573676922.1629555,1.8256569
1573676923.7090006,1.7794842
1573676925.1392834,1.7349933
1573676926.504266,1.6834466
1573676927.934322,1.6311249
1573676929.429245,1.573343
1573676930.925143,1.5155912
1573676932.471459,1.457948
1573676934.033929,1.4082745
1573676935.400086,1.3461731
1573676936.929296,1.2860474
1573676938.406415,1.2251476
1573676939.9526114,1.1621251
1573676941.4796975,1.0971816
1573676942.9923735,1.048649
1573676944.4362218,0.994478
1573676945.8663523,0.9332932
1573676947.3100622,0.8685831
1573676948.772675,1.9153761
1573676950.1403182,0.053001753
1573676951.5713873,0.001949221
1573676953.0177188,0.000461404
1573676954.465409,-0.042708821
1573676955.8955677,-0.001113704
1573676957.3404775,-0.000101462
1573676958.7873116,-6.2346e-05
1573676960.2351682,-5.5279e-05
1573676961.6814406,-3.9695e-05
1573676963.1287374,-5.1071e-05
1573676964.5746167,-5.0681e-05
1573676966.0214603,-4.1887e-05
1573676967.4680192,1.839e-06
1573676968.915477,-3.1998e-05
1573676970.3625302,-0.000155267
1573676971.8103735,0.000376533
1573676973.254973,-0.000127716
1573676974.7025971,0.002016417
1573676976.1503851,-0.000193514
1573676977.5978632,-0.00082214
1573676979.0439565,5.2696e-05
1573676980.4898243,-0.001604839
1573676981.9201503,0.000333689
1573676983.3646767,-0.001372726
1573676984.8119848,0.00210192
1573676986.2584674,5.7156e-05
1573676987.7049775,1.7511e-05
1573676989.152014,-0.000547371
1573676990.5993538,-0.000108114
1573676992.046587,0.001191543
1573676993.4930646,-0.001190235
1573676994.9417582,-0.000496212
1573676996.3876622,0.000849276
1573676997.834839,-5.1487e-05
1573676999.2802105,-0.000133977
1573677000.7267456,-0.000117612
1573677002.173183,-0.000105493
1573677003.6202335,-8.4128e-05
1573677005.0668473,-4.767e-05
1573677006.5105355,-5.8768e-05
1573677007.9568858,-6.4576e-05
1573677009.4012973,-3.1091e-05
1573677010.8459282,-2.6002e-05
1573677012.2913883,-3.7188e-05
1573677013.737919,-1.9249e-05
1573677015.1849806,-5.518e-06
1573677016.6314602,-1.0154e-05
1573677018.078357,-2.5662e-05
1573677019.525558,-1.3983e-05
1573677020.9725509,-7.31e-07
1573677022.4180586,9.549e-06
1573677023.863035,0.000794967
1573677025.3084817,0.00158138
1573677026.7535574,0.000408771
1573677028.1973186,-7.483e-06
